filename, edition, number, type, artist, dimensions
5ed-430-plains-morrissey-300x246.png, 5ed, 430, plains, morrissey, 300x246
5ed-431-plains-morrissey-300x241.jpg, 5ed, 431, plains, morrissey, 300x241
5ed-432-plains-morrissey-300x241.jpg, 5ed, 432, plains, morrissey, 300x241
5ed-433-plains-morrissey-300x241.jpg, 5ed, 433, plains, morrissey, 300x241
5ed-434-island-frost-300x240.jpg, 5ed, 434, island, frost, 300x240
5ed-435-island-frost-300x240.jpg, 5ed, 435, island, frost, 300x240
5ed-436-island-frost-300x240.jpg, 5ed, 436, island, frost, 300x240
5ed-437-island-frost-300x240.jpg, 5ed, 437, island, frost, 300x240
5ed-438-swamp-robinson-300x240.jpg, 5ed, 438, swamp, robinson, 300x240
5ed-439-swamp-robinson-300x242.jpg, 5ed, 439, swamp, robinson, 300x242
5ed-440-swamp-robinson-300x240.jpg, 5ed, 440, swamp, robinson, 300x240
5ed-441-swamp-robinson-300x240.jpg, 5ed, 441, swamp, robinson, 300x240
5ed-442-mountain-avon-300x238.jpg, 5ed, 442, mountain, avon, 300x238
5ed-443-mountain-avon-300x238.jpg, 5ed, 443, mountain, avon, 300x238
5ed-444-mountain-avon-300x238.jpg, 5ed, 444, mountain, avon, 300x238
5ed-445-mountain-avon-300x238.jpg, 5ed, 445, mountain, avon, 300x238
5ed-446-forest-oconnor-300x242.jpg, 5ed, 446, forest, oconnor, 300x242
5ed-447-forest-oconnor-300x242.jpg, 5ed, 447, forest, oconnor, 300x242
5ed-448-forest-oconnor-300x242.jpg, 5ed, 448, forest, oconnor, 300x242
5ed-449-forest-oconnor-300x242.jpg, 5ed, 449, forest, oconnor, 300x242
7ed-328-forest-cleland-hura-300x238.jpg, 7ed, 328, forest, cleland, hura
7ed-329-forest-alexander-300x242.png, 7ed, 329, forest, alexander, 300x242
7ed-330-forest-avon-300x249.jpg, 7ed, 330, forest, avon, 300x249
7ed-331-forest-avon-300x249.jpg, 7ed, 331, forest, avon, 300x249
7ed-332-island-bailey-300x235.jpg, 7ed, 332, island, bailey, 300x235
7ed-333-island-alexander-300x240.jpg, 7ed, 333, island, alexander, 300x240
7ed-334-island-avon-300x238.jpg, 7ed, 334, island, avon, 300x238
7ed-335-island-szczudlo-300x239.jpg, 7ed, 335, island, szczudlo, 300x239
7ed-337-mountain-cleland-hura-300x238.jpg, 7ed, 337, mountain, cleland, hura
7ed-338-mountain-alexander-300x239.png, 7ed, 338, mountain, alexander, 300x239
7ed-339-mountain-alexander-300x237.png, 7ed, 339, mountain, alexander, 300x237
7ed-340-mountain-avon-300x248.jpg, 7ed, 340, mountain, avon, 300x248
7ed-341-plains-bailey-300x237.jpg, 7ed, 341, plains, bailey, 300x237
7ed-342-plains-alexander-300x235.png, 7ed, 342, plains, alexander, 300x235
7ed-343-plains-alexander-300x235.png, 7ed, 343, plains, alexander, 300x235
7ed-344-plains-avon-300x238.jpg, 7ed, 344, plains, avon, 300x238
7ed-346-swamp-cleland-hura-300x239.jpg, 7ed, 346, swamp, cleland, hura
7ed-347-swamp-alexander-300x240.png, 7ed, 347, swamp, alexander, 300x240
7ed-348-swamp-elmore-300x234.jpg, 7ed, 348, swamp, elmore, 300x234
7ed-349-swamp-szczudlo-300x236.jpg, 7ed, 349, swamp, szczudlo, 300x236
akh-250-plains-lunter-220x300.jpg, akh, 250, plains, lunter, 220x300
akh-251-island-wright-220x300.jpg, akh, 251, island, wright, 220x300
akh-252-swamp-cearley-220x300.png, akh, 252, swamp, cearley, 220x300
akh-253-mountain-degesincourt-259x300.jpg, akh, 253, mountain, degesincourt, 259x300
akh-254-forest-han-220x300.png, akh, 254, forest, han, 220x300
akh-255-plains-baga-300x225.png, akh, 255, plains, baga, 300x225
akh-256-plains-dero-300x225.png, akh, 256, plains, dero, 300x225
akh-257-plains-lunter-300x220.png, akh, 257, plains, lunter, 300x220
akh-258-island-dero-300x225.png, akh, 258, island, dero, 300x225
akh-259-island-lunter-300x220.png, akh, 259, island, lunter, 300x220
akh-260-island-poole-300x225.png, akh, 260, island, poole, 300x225
akh-261-swamp-belledin-300x225.png, akh, 261, swamp, belledin, 300x225
akh-262-swamp-dero-300x225.png, akh, 262, swamp, dero, 300x225
akh-263-swamp-lunter-300x220.png, akh, 263, swamp, lunter, 300x220
akh-264-mountain-dero-300x225.png, akh, 264, mountain, dero, 300x225
akh-265-mountain-lunter-300x220.png, akh, 265, mountain, lunter, 300x220
akh-266-mountain-rahn-300x225.png, akh, 266, mountain, rahn, 300x225
akh-267-forest-lunter-300x220.png, akh, 267, forest, lunter, 300x220
akh-268-forest-lunter-300x220.png, akh, 268, forest, lunter, 300x220
akh-269-forest-stewart-300x225.png, akh, 269, forest, stewart, 300x225
ala-230-plains-borosszikszai-300x221.png, ala, 230, plains, borosszikszai, 300x221
ala-231-plains-komarck-300x219.jpg, ala, 231, plains, komarck, 300x219
ala-232-plains-komarck-300x219.jpg, ala, 232, plains, komarck, 300x219
ala-233-plains-chippy-300x219.jpg, ala, 233, plains, chippy, 300x219
ala-234-island-komarck-300x219.jpg, ala, 234, island, komarck, 300x219
ala-235-island-chippy-300x221.png, ala, 235, island, chippy, 300x221
ala-236-island-chippy-300x217.png, ala, 236, island, chippy, 300x217
ala-237-island-tedin-300x237.jpg, ala, 237, island, tedin, 300x237
ala-238-swamp-chippy-300x222.png, ala, 238, swamp, chippy, 300x222
ala-239-swamp-tedin-300x239.jpg, ala, 239, swamp, tedin, 300x239
ala-240-swamp-tedin-300x241.jpg, ala, 240, swamp, tedin, 300x241
ala-241-swamp-briclot-300x219.png, ala, 241, swamp, briclot, 300x219
ala-242-mountain-tedin-300x239.jpg, ala, 242, mountain, tedin, 300x239
ala-243-mountain-briclot-300x219.png, ala, 243, mountain, briclot, 300x219
ala-244-mountain-briclot-300x219.png, ala, 244, mountain, briclot, 300x219
ala-245-mountain-borosszikszai-300x221.png, ala, 245, mountain, borosszikszai, 300x221
ala-246-forest-briclot-300x219.jpg, ala, 246, forest, briclot, 300x219
ala-247-forest-borosszikszai-300x221.png, ala, 247, forest, borosszikszai, 300x221
ala-248-forest-borosszikszai-300x221.png, ala, 248, forest, borosszikszai, 300x221
ala-249-forest-komarck-300x219.jpg, ala, 249, forest, komarck, 300x219
avr-230-plains-paquette-300x220.jpg, avr, 230, plains, paquette, 300x220
avr-231-plains-park-300x218.png, avr, 231, plains, park, 300x218
avr-232-plains-zana-300x218.png, avr, 232, plains, zana, 300x218
avr-233-island-paick-300x219.jpg, avr, 233, island, paick, 300x219
avr-234-island-paquette-300x220.jpg, avr, 234, island, paquette, 300x220
avr-235-island-park-300x218.jpg, avr, 235, island, park, 300x218
avr-236-swamp-paick-300x219.jpg, avr, 236, swamp, paick, 300x219
avr-237-swamp-paquette-300x220.jpg, avr, 237, swamp, paquette, 300x220
avr-238-swamp-park-300x218.png, avr, 238, swamp, park, 300x218
avr-239-mountain-paick-300x219.png, avr, 239, mountain, paick, 300x219
avr-240-mountain-paquette-300x220.jpg, avr, 240, mountain, paquette, 300x220
avr-241-mountain-zana-300x218.png, avr, 241, mountain, zana, 300x218
avr-242-forest-paick-300x219.jpg, avr, 242, forest, paick, 300x219
avr-243-forest-park-300x218.png, avr, 243, forest, park, 300x218
avr-244-forest-zana-300x218.png, avr, 244, forest, zana, 300x218
bbd-250-plains-lunter-300x220.jpg, bbd, 250, plains, lunter, 300x220
bbd-251-island-lunter-300x220.jpg, bbd, 251, island, lunter, 300x220
bbd-252-swamp-lunter-300x220.jpg, bbd, 252, swamp, lunter, 300x220
bbd-253-mountain-lunter-300x220.jpg, bbd, 253, mountain, lunter, 300x220
bbd-254-forest-lunter-300x220.jpg, bbd, 254, forest, lunter, 300x220
bfz-250-plains-bradley-220x300.png, bfz, 250, plains, bradley, 220x300
bfz-250a-plains-bradley-300x219.jpg, bfz, 250a, plains, bradley, 300x219
bfz-251-plains-burley-220x300.jpg, bfz, 251, plains, burley, 220x300
bfz-251a-plains-burley-300x219.jpg, bfz, 251a, plains, burley, 300x219
bfz-252-plains-paquette-220x300.png, bfz, 252, plains, paquette, 220x300
bfz-252a-plains-paquette-300x219.png, bfz, 252a, plains, paquette, 300x219
bfz-254-plains-x-220x300.png, bfz, 254, plains, x, 220x300
bfz-254a-plains-x-300x219.jpg, bfz, 254a, plains, x, 300x219
bfz-255-island-bradley-220x300.png, bfz, 255, island, bradley, 220x300
bfz-255a-island-bradley-300x219.jpg, bfz, 255a, island, bradley, 300x219
bfz-256-island-burley-220x300.jpg, bfz, 256, island, burley, 220x300
bfz-256a-island-burley-300x219.jpg, bfz, 256a, island, burley, 300x219
bfz-257-island-paquette-220x300.png, bfz, 257, island, paquette, 220x300
bfz-257a-island-paquette-300x219.png, bfz, 257a, island, paquette, 300x219
bfz-259-island-x-220x300.png, bfz, 259, island, x, 220x300
bfz-259a-island-x-300x219.jpg, bfz, 259a, island, x, 300x219
bfz-260-swamp-bradley-220x300.png, bfz, 260, swamp, bradley, 220x300
bfz-260a-swamp-bradley-300x219.jpg, bfz, 260a, swamp, bradley, 300x219
bfz-261-swamp-burley-220x300.png, bfz, 261, swamp, burley, 220x300
bfz-261a-swamp-burley-300x219.jpg, bfz, 261a, swamp, burley, 300x219
bfz-262-swamp-paquette-220x300.jpg, bfz, 262, swamp, paquette, 220x300
bfz-262a-swamp-paquette-300x219.jpg, bfz, 262a, swamp, paquette, 300x219
bfz-264-swamp-x-220x300.png, bfz, 264, swamp, x, 220x300
bfz-264a-swamp-x-300x219.jpg, bfz, 264a, swamp, x, 300x219
bfz-265-mountain-bradley-220x300.png, bfz, 265, mountain, bradley, 220x300
bfz-265a-mountain-bradley-300x219.jpg, bfz, 265a, mountain, bradley, 300x219
bfz-266-mountain-burley-220x300.png, bfz, 266, mountain, burley, 220x300
bfz-266a-mountain-burley-300x219.jpg, bfz, 266a, mountain, burley, 300x219
bfz-268-mountain-paquette-220x300.png, bfz, 268, mountain, paquette, 220x300
bfz-268a-mountain-paquette-300x219.png, bfz, 268a, mountain, paquette, 300x219
bfz-269-mountain-x-220x300.png, bfz, 269, mountain, x, 220x300
bfz-269a-mountain-x-300x219.jpg, bfz, 269a, mountain, x, 300x219
bfz-270-forest-bradley-220x300.png, bfz, 270, forest, bradley, 220x300
bfz-270a-forest-bradley-300x219.jpg, bfz, 270a, forest, bradley, 300x219
bfz-271-forest-burley-220x300.jpg, bfz, 271, forest, burley, 220x300
bfz-271a-forest-burley-300x219.jpg, bfz, 271a, forest, burley, 300x219
bfz-272-forest-paquette-220x300.png, bfz, 272, forest, paquette, 220x300
bfz-272a-forest-paquette-300x219.png, bfz, 272a, forest, paquette, 300x219
bfz-274-forest-x-225x300.png, bfz, 274, forest, x, 225x300
bfz-274a-forest-x-300x219.jpg, bfz, 274a, forest, x, 300x219
c16-337-plains-guay-300x225.png, c16, 337, plains, guay, 300x225
c16-338-plains-poole-300x225.png, c16, 338, plains, poole, 300x225
c16-339-plains-walker-300x225.png, c16, 339, plains, walker, 300x225
c16-340-island-guay-300x225.png, c16, 340, island, guay, 300x225
c16-341-island-poole-300x225.png, c16, 341, island, poole, 300x225
c16-342-island-walker-300x225.png, c16, 342, island, walker, 300x225
c16-343-swamp-guay-300x225.png, c16, 343, swamp, guay, 300x225
c16-344-swamp-poole-300x225.png, c16, 344, swamp, poole, 300x225
c16-345-swamp-walker-300x225.png, c16, 345, swamp, walker, 300x225
c16-346-mountain-guay-300x225.png, c16, 346, mountain, guay, 300x225
c16-347-mountain-poole-300x225.png, c16, 347, mountain, poole, 300x225
c16-348-mountain-walker-300x225.png, c16, 348, mountain, walker, 300x225
c16-349-forest-guay-300x225.png, c16, 349, forest, guay, 300x225
c16-350-forest-poole-300x225.png, c16, 350, forest, poole, 300x225
c16-351-forest-walker-300x225.png, c16, 351, forest, walker, 300x225
chk-287-plains-staples-300x217.jpg, chk, 287, plains, staples, 300x217
chk-288-plains-staples-300x217.jpg, chk, 288, plains, staples, 300x217
chk-289-plains-staples-300x218.jpg, chk, 289, plains, staples, 300x218
chk-290-plains-staples-300x222.jpg, chk, 290, plains, staples, 300x222
chk-291-island-pilcerova-300x216.png, chk, 291, island, pilcerova, 300x216
chk-292-island-pilcerova-300x218.png, chk, 292, island, pilcerova, 300x218
chk-293-island-pilcerova-300x218.png, chk, 293, island, pilcerova, 300x218
chk-294-island-pilcerova-300x216.png, chk, 294, island, pilcerova, 300x216
chk-295-swamp-nelson-300x218.png, chk, 295, swamp, nelson, 300x218
chk-296-swamp-nelson-300x218.png, chk, 296, swamp, nelson, 300x218
chk-297-swamp-nelson-300x218.png, chk, 297, swamp, nelson, 300x218
chk-298-swamp-nelson-300x218.png, chk, 298, swamp, nelson, 300x218
chk-299-mountain-avon-300x220.jpg, chk, 299, mountain, avon, 300x220
chk-300-mountain-avon-300x220.jpg, chk, 300, mountain, avon, 300x220
chk-301-mountain-avon-300x220.jpg, chk, 301, mountain, avon, 300x220
chk-302-mountain-avon-300x220.jpg, chk, 302, mountain, avon, 300x220
chk-303-forest-alexander-300x231.png, chk, 303, forest, alexander, 300x231
chk-304-forest-alexander-300x231.png, chk, 304, forest, alexander, 300x231
chk-305-forest-alexander-300x231.png, chk, 305, forest, alexander, 300x231
chk-306-forest-alexander-300x231.png, chk, 306, forest, alexander, 300x231
dom-250-plains-dero-300x225.jpeg, dom, 250, plains, dero, 300x225
dom-251-plains-lunter-300x225.png, dom, 251, plains, lunter, 300x225
dom-252-plains-marinski-300x220.jpg, dom, 252, plains, marinski, 300x220
dom-253-plains-poole-300x225.jpg, dom, 253, plains, poole, 300x225
dom-254-island-dero-300x225.jpg, dom, 254, island, dero, 300x225
dom-255-island-lunter-300x220.jpg, dom, 255, island, lunter, 300x220
dom-256-island-marinski-300x220.jpg, dom, 256, island, marinski, 300x220
dom-257-island-poole-300x225.jpg, dom, 257, island, poole, 300x225
dom-258-swamp-dero-300x225.jpg, dom, 258, swamp, dero, 300x225
dom-259-swamp-lunter-300x225.jpg, dom, 259, swamp, lunter, 300x225
dom-260-swamp-marinski-300x220.jpg, dom, 260, swamp, marinski, 300x220
dom-261-swamp-poole-300x225.jpg, dom, 261, swamp, poole, 300x225
dom-262-mountain-dero-300x225.jpg, dom, 262, mountain, dero, 300x225
dom-263-mountain-lunter-300x225.jpeg, dom, 263, mountain, lunter, 300x225
dom-264-mountain-marinski-300x220.jpg, dom, 264, mountain, marinski, 300x220
dom-265-mountain-poole-300x225.jpg, dom, 265, mountain, poole, 300x225
dom-266-forest-dero-300x225.jpg, dom, 266, forest, dero, 300x225
dom-267-forest-lunter-300x225.jpg, dom, 267, forest, lunter, 300x225
dom-268-forest-marinski-300x220.jpg, dom, 268, forest, marinski, 300x220
dom-269-forest-poole-300x225.jpg, dom, 269, forest, poole, 300x225
dtk-250-plains-burley-300x219.jpg, dtk, 250, plains, burley, 300x219
dtk-251-plains-burley-300x219.jpg, dtk, 251, plains, burley, 300x219
dtk-252-plains-degesincourt-300x219.png, dtk, 252, plains, degesincourt, 300x219
dtk-253-island-degesincourt-300x215.png, dtk, 253, island, degesincourt, 300x215
dtk-254-island-degesincourt-300x219.jpg, dtk, 254, island, degesincourt, 300x219
dtk-255-island-paquette-300x226.png, dtk, 255, island, paquette, 300x226
dtk-256-swamp-bradley-300x220.jpg, dtk, 256, swamp, bradley, 300x220
dtk-257-swamp-paquette-300x226.png, dtk, 257, swamp, paquette, 300x226
dtk-258-swamp-paquette-300x226.png, dtk, 258, swamp, paquette, 300x226
dtk-259-mountain-bradley-300x220.jpg, dtk, 259, mountain, bradley, 300x220
dtk-260-mountain-bradley-300x220.jpg, dtk, 260, mountain, bradley, 300x220
dtk-261-mountain-lunter-300x219.png, dtk, 261, mountain, lunter, 300x219
dtk-262-forest-burley-300x219.png, dtk, 262, forest, burley, 300x219
dtk-263-forest-lunter-300x219.png, dtk, 263, forest, lunter, 300x219
dtk-264-forest-lunter-300x219.png, dtk, 264, forest, lunter, 300x219
e01-100-mountain-choi-300x219.jpg, e01, 100, mountain, choi, 300x219
e01-101-forest-choi-300x219.jpg, e01, 101, forest, choi, 300x219
e01-102-plains-choi-300x219.jpg, e01, 102, plains, choi, 300x219
e01-103-island-choi-300x219.jpg, e01, 103, island, choi, 300x219
e01-104-swamp-choi-300x219.jpg, e01, 104, swamp, choi, 300x219
e01-105-mountain-choi-300x219.jpg, e01, 105, mountain, choi, 300x219
e01-106-forest-choi-300x219.jpg, e01, 106, forest, choi, 300x219
e01-97-plains-choi-300x219.jpg, e01, 97, plains, choi, 300x219
e01-98-island-choi-300x219.jpg, e01, 98, island, choi, 300x219
e01-99-swamp-choi-300x219.jpg, e01, 99, swamp, choi, 300x219
eld-250-plains-baga-300x220.png, eld, 250, plains, baga, 300x220
eld-251-plains-chaturvedi-300x225.jpeg, eld, 251, plains, chaturvedi, 300x225
eld-252-plains-danner-300x220.jpeg, eld, 252, plains, danner, 300x220
eld-253-plains-lyon-300x225.png, eld, 253, plains, lyon, 300x225
eld-254-island-avon-300x218.png, eld, 254, island, avon, 300x218
eld-255-island-graciano-300x225.png, eld, 255, island, graciano, 300x225
eld-256-island-hamm-300x226.png, eld, 256, island, hamm, 300x226
eld-257-island-poole-300x218.jpg, eld, 257, island, poole, 300x218
eld-258-swamp-canavan-300x220.jpeg, eld, 258, swamp, canavan, 300x220
eld-259-swamp-daarken-300x220.jpeg, eld, 259, swamp, daarken, 300x220
eld-260-swamp-minguez-300x220.jpeg, eld, 260, swamp, minguez, 300x220
eld-261-swamp-velinov-300x221.jpg, eld, 261, swamp, velinov, 300x221
eld-262-mountain-burburan-300x225.png, eld, 262, mountain, burburan, 300x225
eld-263-mountain-ejsing-300x231.png, eld, 263, mountain, ejsing, 300x231
eld-264-mountain-hernaiz-300x219.jpg, eld, 264, mountain, hernaiz, 300x219
eld-265-mountain-poole-300x216.png, eld, 265, mountain, poole, 300x216
eld-266-forest-grant-west-300x225.png, eld, 266, forest, grant, west
eld-267-forest-jedruszek-300x210.png, eld, 267, forest, jedruszek, 300x210
eld-268-forest-muphy-300x239.jpeg, eld, 268, forest, muphy, 300x239
eld-269-forest-paquette-300x220.png, eld, 269, forest, paquette, 300x220
frf-176-plains-bradley-300x218.jpg, frf, 176, plains, bradley, 300x218
frf-177-plains-burley-300x219.png, frf, 177, plains, burley, 300x219
frf-178-island-degesincourt-300x219.png, frf, 178, island, degesincourt, 300x219
frf-179-island-lunter-300x219.jpg, frf, 179, island, lunter, 300x219
frf-180-swamp-burley-300x219.png, frf, 180, swamp, burley, 300x219
frf-181-swamp-paquette-300x219.png, frf, 181, swamp, paquette, 300x219
frf-182-mountain-bradley-300x218.jpg, frf, 182, mountain, bradley, 300x218
frf-183-mountain-degesincourt-300x219.png, frf, 183, mountain, degesincourt, 300x219
frf-184-forest-lunter-300x219.png, frf, 184, forest, lunter, 300x219
frf-185-forest-paquette-300x219.png, frf, 185, forest, paquette, 300x219
gk1-100-plains-han-300x220.png, gk1, 100, plains, han, 300x220
gk1-101-mountain-bradley-300x220.jpg, gk1, 101, mountain, bradley, 300x220
gk1-126-plains-paick-300x221.png, gk1, 126, plains, paick, 300x221
gk1-127-forest-danner-300x220.png, gk1, 127, forest, danner, 300x220
gk1-24-island-park-300x220.png, gk1, 24, island, park, 300x220
gk1-25-swamp-bradley-300x220.png, gk1, 25, swamp, bradley, 300x220
gk1-48-island-paquette-300x220.png, gk1, 48, island, paquette, 300x220
gk1-49-mountain-velinov-300x221.png, gk1, 49, mountain, velinov, 300x221
gk1-75-swamp-degesincourt-300x225.png, gk1, 75, swamp, degesincourt, 300x225
gk1-76-forest-velinov-300x221.png, gk1, 76, forest, velinov, 300x221
gk2-105-mountain-paick-300x219.jpg, gk2, 105, mountain, paick, 300x219
gk2-106-forest-paick-300x219.jpg, gk2, 106, forest, paick, 300x219
gk2-132-island-han-300x220.png, gk2, 132, island, han, 300x220
gk2-133-forest-han-300x220.png, gk2, 133, forest, han, 300x220
gk2-26-plains-danner-300x220.jpg, gk2, 26, plains, danner, 300x220
gk2-27-island-danner-300x220.jpg, gk2, 27, island, danner, 300x220
gk2-50-plains-ravenna-300x220.png, gk2, 50, plains, ravenna, 300x220
gk2-51-swamp-ravenna-300x220.png, gk2, 51, swamp, ravenna, 300x220
gk2-78-swamp-marinski-300x220.jpg, gk2, 78, swamp, marinski, 300x220
gk2-79-mountain-marinski-300x220.jpg, gk2, 79, mountain, marinski, 300x220
grn-260-plains-wright-300x222.png, grn, 260, plains, wright, 300x222
grn-261-island-wright-300x222.png, grn, 261, island, wright, 300x222
grn-262-swamp-wright-300x221.png, grn, 262, swamp, wright, 300x221
grn-263-mountain-wright-300x222.png, grn, 263, mountain, wright, 300x222
grn-264-forest-wright-300x222.png, grn, 264, forest, wright, 300x222
gs1-20-plains-yeh-300x219.jpg, gs1, 20, plains, yeh, 300x219
gs1-21-island-chenlin-300x219.jpg, gs1, 21, island, chenlin, 300x219
gs1-39-mountain-zeng-300x219.jpg, gs1, 39, mountain, zeng, 300x219
gs1-40-forest-liu-300x219.jpg, gs1, 40, forest, liu, 300x219
hou-185-plains-lunter-220x300.jpg, hou, 185, plains, lunter, 220x300
hou-186-island-wright-212x300.png, hou, 186, island, wright, 212x300
hou-187-swamp-cearley-240x300.jpg, hou, 187, swamp, cearley, 240x300
hou-188-mountain-degesincourt-240x300.png, hou, 188, mountain, degesincourt, 240x300
hou-189-forest-han-220x300.png, hou, 189, forest, han, 220x300
hou-190-plains-grant-west-300x225.png, hou, 190, plains, grant, west
hou-191-plains-lunter-300x220.png, hou, 191, plains, lunter, 300x220
hou-192-island-graciano-300x225.png, hou, 192, island, graciano, 300x225
hou-193-island-lunter-300x220.png, hou, 193, island, lunter, 300x220
hou-194-swamp-lunter-300x220.png, hou, 194, swamp, lunter, 300x220
hou-195-swamp-zug-300x225.png, hou, 195, swamp, zug, 300x225
hou-196-mountain-lunter-300x220.png, hou, 196, mountain, lunter, 300x220
hou-197-mountain-walker-300x225.png, hou, 197, mountain, walker, 300x225
hou-198-forest-lunter-300x220.png, hou, 198, forest, lunter, 300x220
hou-199-forest-poole-300x225.png, hou, 199, forest, poole, 300x225
ice-364-plains-rush-300x242.jpg, ice, 364, plains, rush, 300x242
ice-365-plains-rush-300x242.jpg, ice, 365, plains, rush, 300x242
ice-366-plains-rush-300x242.jpg, ice, 366, plains, rush, 300x242
ice-368-island-maddocks-300x241.jpg, ice, 368, island, maddocks, 300x241
ice-369-island-maddocks-300x241.jpg, ice, 369, island, maddocks, 300x241
ice-370-island-maddocks-300x241.jpg, ice, 370, island, maddocks, 300x241
ice-373-swamp-shuler-300x235.png, ice, 373, swamp, shuler, 300x235
ice-374-swamp-shuler-300x241.png, ice, 374, swamp, shuler, 300x241
ice-375-swamp-shuler-300x239.png, ice, 375, swamp, shuler, 300x239
ice-376-mountain-wanerstrand-300x242.jpg, ice, 376, mountain, wanerstrand, 300x242
ice-377-mountain-wanerstrand-300x242.jpg, ice, 377, mountain, wanerstrand, 300x242
ice-378-mountain-wanerstrand-300x242.jpg, ice, 378, mountain, wanerstrand, 300x242
ice-380-forest-morrissey-300x241.jpg, ice, 380, forest, morrissey, 300x241
ice-381-forest-morrissey-300x241.jpg, ice, 381, forest, morrissey, 300x241
ice-382-forest-morrissey-300x241.jpg, ice, 382, forest, morrissey, 300x241
iko-260-plains-childs-300x220.png, iko, 260, plains, childs, 300x220
iko-261-plains-danner-300x220.png, iko, 261, plains, danner, 300x220
iko-262-plains-ejsing-300x220.png, iko, 262, plains, ejsing, 300x220
iko-263-island-danner-300x220.png, iko, 263, island, danner, 300x220
iko-264-island-ejsing-300x220.png, iko, 264, island, ejsing, 300x220
iko-265-island-southam-300x219.jpg, iko, 265, island, southam, 300x219
iko-266-swamp-danner-300x220.png, iko, 266, swamp, danner, 300x220
iko-267-swamp-ejsing-300x220.png, iko, 267, swamp, ejsing, 300x220
iko-268-swamp-velinov-300x221.jpg, iko, 268, swamp, velinov, 300x221
iko-269-mountain-danner-300x220.png, iko, 269, mountain, danner, 300x220
iko-270-mountain-ejsing-300x220.png, iko, 270, mountain, ejsing, 300x220
iko-271-mountain-paquette-300x220.png, iko, 271, mountain, paquette, 300x220
iko-272-forest-danner-300x220.png, iko, 272, forest, danner, 300x220
iko-273-forest-ejsing-300x220.png, iko, 273, forest, ejsing, 300x220
iko-274-forest-han-300x220.jpg, iko, 274, forest, han, 300x220
inv-331-plains-avon-300x238.jpg, inv, 331, plains, avon, 300x238
inv-332-plains-thompson-300x254.jpg, inv, 332, plains, thompson, 300x254
inv-333-plains-cleland-hura-300x232.jpg, inv, 333, plains, cleland, hura
inv-334-plains-bailey-300x240.jpg, inv, 334, plains, bailey, 300x240
inv-335-island-szczudlo-300x239.jpg, inv, 335, island, szczudlo, 300x239
inv-336-island-avon-300x238.jpg, inv, 336, island, avon, 300x238
inv-337-island-nielsen-300x228.jpg, inv, 337, island, nielsen, 300x228
inv-338-island-riche-300x237.jpg, inv, 338, island, riche, 300x237
inv-339-swamp-spencer-300x232.jpg, inv, 339, swamp, spencer, 300x232
inv-340-swamp-alexander-300x253.jpg, inv, 340, swamp, alexander, 300x253
inv-341-swamp-alexander-300x253.jpg, inv, 341, swamp, alexander, 300x253
inv-342-swamp-spencer-300x233.jpg, inv, 342, swamp, spencer, 300x233
inv-343-mountain-cavotta-300x231.jpg, inv, 343, mountain, cavotta, 300x231
inv-344-mountain-miracola-300x229.jpg, inv, 344, mountain, miracola, 300x229
inv-345-mountain-angus-300x238.jpg, inv, 345, mountain, angus, 300x238
inv-346-mountain-bailey-300x241.jpg, inv, 346, mountain, bailey, 300x241
inv-347-forest-avon-300x238.jpg, inv, 347, forest, avon, 300x238
inv-348-forest-pollack-300x225.jpg, inv, 348, forest, pollack, 300x225
inv-349-forest-pollack-300x227.jpg, inv, 349, forest, pollack, 300x227
inv-350-forest-angus-300x238.jpg, inv, 350, forest, angus, 300x238
isd-250-plains-paquette-300x220.jpg, isd, 250, plains, paquette, 300x220
isd-251-plains-park-300x218.png, isd, 251, plains, park, 300x218
isd-252-plains-zana-300x218.jpg, isd, 252, plains, zana, 300x218
isd-253-island-paick-300x219.jpg, isd, 253, island, paick, 300x219
isd-254-island-paquette-300x220.jpg, isd, 254, island, paquette, 300x220
isd-255-island-park-300x218.jpg, isd, 255, island, park, 300x218
isd-256-swamp-paick-300x220.jpg, isd, 256, swamp, paick, 300x220
isd-257-swamp-paquette-300x220.jpg, isd, 257, swamp, paquette, 300x220
isd-258-swamp-park-300x218.jpg, isd, 258, swamp, park, 300x218
isd-259-mountain-paick-300x219.jpg, isd, 259, mountain, paick, 300x219
isd-260-mountain-paquette-300x220.jpg, isd, 260, mountain, paquette, 300x220
isd-261-mountain-zana-300x217.png, isd, 261, mountain, zana, 300x217
isd-262-forest-paick-300x219.jpg, isd, 262, forest, paick, 300x219
isd-263-forest-park-300x218.jpg, isd, 263, forest, park, 300x218
isd-264-forest-zana-300x218.jpg, isd, 264, forest, zana, 300x218
j14-1-plains-nielsen-245x300.png, j14, 1, plains, nielsen, 245x300
j14-2-island-nielsen-246x300.png, j14, 2, island, nielsen, 246x300
j14-3-swamp-nielsen-252x300.png, j14, 3, swamp, nielsen, 252x300
j14-4-mountain-nielsen-245x300.png, j14, 4, mountain, nielsen, 245x300
j14-5-forest-nielsen-272x300.png, j14, 5, forest, nielsen, 272x300
jmp-38-plains-chevrier-300x220.jpg, jmp, 38, plains, chevrier, 300x220
jmp-39-plains-choi-300x219.jpg, jmp, 39, plains, choi, 300x219
jmp-40-plains-dura-300x220.png, jmp, 40, plains, dura, 300x220
jmp-41-plains-giancola-300x245.png, jmp, 41, plains, giancola, 300x245
jmp-42-plains-han-300x225.png, jmp, 42, plains, han, 300x225
jmp-43-plains-lasahido-300x219.jpg, jmp, 43, plains, lasahido, 300x219
jmp-44-plains-lunter-300x220.jpeg, jmp, 44, plains, lunter, 300x220
jmp-45-plains-voss-300x220.jpg, jmp, 45, plains, voss, 300x220
jmp-46-island-calle-300x219.jpg, jmp, 46, island, calle, 300x219
jmp-47-island-choi-300x219.jpg, jmp, 47, island, choi, 300x219
jmp-48-island-dura-300x221.png, jmp, 48, island, dura, 300x221
jmp-49-island-dura-300x220.jpg, jmp, 49, island, dura, 300x220
jmp-50-island-dura-300x220.jpg, jmp, 50, island, dura, 300x220
jmp-51-island-han-300x219.jpg, jmp, 51, island, han, 300x219
jmp-52-island-lunter-300x220.jpeg, jmp, 52, island, lunter, 300x220
jmp-53-island-paquette-300x220.png, jmp, 53, island, paquette, 300x220
jmp-54-swamp-chevrier-300x220.png, jmp, 54, swamp, chevrier, 300x220
jmp-55-swamp-dura-300x220.png, jmp, 55, swamp, dura, 300x220
jmp-56-swamp-graciano-300x233.png, jmp, 56, swamp, graciano, 300x233
jmp-57-swamp-lunter-300x225.jpeg, jmp, 57, swamp, lunter, 300x225
jmp-58-swamp-lunter-300x220.jpeg, jmp, 58, swamp, lunter, 300x220
jmp-59-swamp-paquette-300x220.png, jmp, 59, swamp, paquette, 300x220
jmp-60-swamp-ravenna-300x220.jpeg, jmp, 60, swamp, ravenna, 300x220
jmp-61-swamp-rocha-300x220.png, jmp, 61, swamp, rocha, 300x220
jmp-62-mountain-dero-300x219.jpg, jmp, 62, mountain, dero, 300x219
jmp-63-mountain-dero-300x219.jpg, jmp, 63, mountain, dero, 300x219
jmp-64-mountain-dura-300x220.png, jmp, 64, mountain, dura, 300x220
jmp-65-mountain-horsley-300x216.png, jmp, 65, mountain, horsley, 300x216
jmp-66-mountain-lunter-300x220.jpeg, jmp, 66, mountain, lunter, 300x220
jmp-67-mountain-paick-300x221.png, jmp, 67, mountain, paick, 300x221
jmp-68-mtn-paquette-300x220.png, jmp, 68, mtn, paquette, 300x220
jmp-69-mtn-paquette-300x220.png, jmp, 69, mtn, paquette, 300x220
jmp-70-forest-childs-300x219.jpg, jmp, 70, forest, childs, 300x219
jmp-71-forest-danner-300x220.jpeg, jmp, 71, forest, danner, 300x220
jmp-72-forest-danner-300x220.jpeg, jmp, 72, forest, danner, 300x220
jmp-73-forest-danner-300x220.jpeg, jmp, 73, forest, danner, 300x220
jmp-74-forest-danner-300x220.png, jmp, 74, forest, danner, 300x220
jmp-75-forest-jedruszek-300x219.jpg, jmp, 75, forest, jedruszek, 300x219
jmp-76-forest-paquette-300x220.png, jmp, 76, forest, paquette, 300x220
jmp-77-forest-voss-300x219.jpg, jmp, 77, forest, voss, 300x219
khm-394-plains-dura-300x220.png, khm, 394, plains, dura, 300x220
khm-395-island-voss-300x220.png, khm, 395, island, voss, 300x220
khm-396-swamp-dura-300x220.png, khm, 396, swamp, dura, 300x220
khm-397-mountain-burley-300x220.png, khm, 397, mountain, burley, 300x220
khm-398-forest-burley-300x220.png, khm, 398, forest, burley, 300x220
kld-250-plains-avon-300x225.png, kld, 250, plains, avon, 300x225
kld-251-plains-avon-300x225.png, kld, 251, plains, avon, 300x225
kld-252-plains-cearley-300x226.png, kld, 252, plains, cearley, 300x226
kld-253-island-han-300x220.jpg, kld, 253, island, han, 300x220
kld-254-island-han-300x220.jpg, kld, 254, island, han, 300x220
kld-255-island-voss-300x227.jpg, kld, 255, island, voss, 300x227
kld-256-swamp-paick-300x225.jpg, kld, 256, swamp, paick, 300x225
kld-257-swamp-paquette-300x226.jpg, kld, 257, swamp, paquette, 300x226
kld-258-swamp-paquette-300x226.jpg, kld, 258, swamp, paquette, 300x226
kld-259-mountain-wright-300x226.png, kld, 259, mountain, wright, 300x226
kld-260-mountain-zana-300x225.png, kld, 260, mountain, zana, 300x225
kld-261-mountain-zana-300x225.png, kld, 261, mountain, zana, 300x225
kld-262-forest-choi-300x225.jpg, kld, 262, forest, choi, 300x225
kld-263-forest-choi-300x225.png, kld, 263, forest, choi, 300x225
kld-264-forest-stone-300x225.jpg, kld, 264, forest, stone, 300x225
ktk-250-plains-bradley-300x218.jpg, ktk, 250, plains, bradley, 300x218
ktk-251-plains-burley-300x219.png, ktk, 251, plains, burley, 300x219
ktk-252-plains-burley-300x220.png, ktk, 252, plains, burley, 300x220
ktk-253-plains-degesincourt-300x219.jpg, ktk, 253, plains, degesincourt, 300x219
ktk-254-island-degesincourt-300x219.jpg, ktk, 254, island, degesincourt, 300x219
ktk-255-island-degesincourt-300x219.png, ktk, 255, island, degesincourt, 300x219
ktk-256-island-lunter-300x219.png, ktk, 256, island, lunter, 300x219
ktk-257-island-paquette-300x219.png, ktk, 257, island, paquette, 300x219
ktk-258-swamp-bradley-300x218.jpg, ktk, 258, swamp, bradley, 300x218
ktk-259-swamp-burley-300x219.png, ktk, 259, swamp, burley, 300x219
ktk-260-swamp-paquette-300x220.png, ktk, 260, swamp, paquette, 300x220
ktk-261-swamp-paquette-300x219.png, ktk, 261, swamp, paquette, 300x219
ktk-262-mountain-bradley-300x218.jpg, ktk, 262, mountain, bradley, 300x218
ktk-263-mountain-bradley-300x218.jpg, ktk, 263, mountain, bradley, 300x218
ktk-264-mountain-degesincourt-300x219.jpg, ktk, 264, mountain, degesincourt, 300x219
ktk-265-mountain-lunter-300x219.png, ktk, 265, mountain, lunter, 300x219
ktk-266-forest-burley-300x219.jpg, ktk, 266, forest, burley, 300x219
ktk-267-forest-lunter-300x219.png, ktk, 267, forest, lunter, 300x219
ktk-268-forest-lunter-300x219.png, ktk, 268, forest, lunter, 300x219
ktk-269-forest-paquette-300x219.png, ktk, 269, forest, paquette, 300x219
lea-286-plains-myrfors-300x220.png, lea, 286, plains, myrfors, 300x220
lea-287-plains-myrfors-300x240.jpg, lea, 287, plains, myrfors, 300x240
lea-288-island-poole-300x221.png, lea, 288, island, poole, 300x221
lea-289-island-poole-300x240.jpg, lea, 289, island, poole, 300x240
lea-290-swamp-frazier-300x240.jpg, lea, 290, swamp, frazier, 300x240
lea-291-swamp-frazier-300x240.jpg, lea, 291, swamp, frazier, 300x240
lea-292-mountain-shuler-300x240.jpg, lea, 292, mountain, shuler, 300x240
lea-293-mountain-shuler-300x240.jpg, lea, 293, mountain, shuler, 300x240
lea-294-forest-rush-300x240.jpg, lea, 294, forest, rush, 300x240
lea-295-forest-rush-300x240.jpg, lea, 295, forest, rush, 300x240
leb-290-plains-myrfors-300x240.jpg, leb, 290, plains, myrfors, 300x240
leb-293-island-poole-300x240.jpg, leb, 293, island, poole, 300x240
leb-296-swamp-frazier-300x240.jpg, leb, 296, swamp, frazier, 300x240
leb-299-mountain-shuler-300x240.jpg, leb, 299, mountain, shuler, 300x240
leb-302-forest-rush-300x240.jpg, leb, 302, forest, rush, 300x240
lrw-282-plains-mahy-300x220.jpg, lrw, 282, plains, mahy, 300x220
lrw-283-plains-fields-300x220.jpg, lrw, 283, plains, fields, 300x220
lrw-284-plains-macdougall-300x231.png, lrw, 284, plains, macdougall, 300x231
lrw-285-plains-rayyan-300x220.jpg, lrw, 285, plains, rayyan, 300x220
lrw-286-island-mahy-300x231.png, lrw, 286, island, mahy, 300x231
lrw-287-island-spears-300x220.jpg, lrw, 287, island, spears, 300x220
lrw-288-island-pilcerova-300x219.jpg, lrw, 288, island, pilcerova, 300x219
lrw-289-island-alexander-300x220.jpg, lrw, 289, island, alexander, 300x220
lrw-290-swamp-fields-300x220.jpg, lrw, 290, swamp, fields, 300x220
lrw-291-swamp-spears-300x220.jpg, lrw, 291, swamp, spears, 300x220
lrw-292-swamp-reynolds-300x220.jpg, lrw, 292, swamp, reynolds, 300x220
lrw-293-swamp-prescott-300x220.jpg, lrw, 293, swamp, prescott, 300x220
lrw-294-mountain-macdougall-300x231.png, lrw, 294, mountain, macdougall, 300x231
lrw-295-mountain-pilcerova-300x219.jpg, lrw, 295, mountain, pilcerova, 300x219
lrw-296-mountain-reynolds-300x220.jpg, lrw, 296, mountain, reynolds, 300x220
lrw-297-mountain-riche-300x220.jpg, lrw, 297, mountain, riche, 300x220
lrw-298-forest-rayyan-300x220.jpg, lrw, 298, forest, rayyan, 300x220
lrw-299-forest-alexander-300x220.jpg, lrw, 299, forest, alexander, 300x220
lrw-300-forest-prescott-300x220.jpg, lrw, 300, forest, prescott, 300x220
lrw-301-forest-riche-300x220.jpg, lrw, 301, forest, riche, 300x220
m10-231-plains-avon-300x218.jpg, m10, 231, plains, avon, 300x218
m10-233-plains-pancoast-300x225.jpg, m10, 233, plains, pancoast, 300x225
m10-234-island-alexander-300x221.png, m10, 234, island, alexander, 300x221
m10-237-island-fields-300x214.jpg, m10, 237, island, fields, 300x214
m10-239-swamp-horley-orlandelli-300x246.jpg, m10, 239, swamp, horley, orlandelli
m10-240-swamp-pavelec-300x217.jpg, m10, 240, swamp, pavelec, 300x217
m10-243-mountain-hamm-300x219.jpg, m10, 243, mountain, hamm, 300x219
m10-244-mountain-kopinski-300x219.jpg, m10, 244, mountain, kopinski, 300x219
m10-248-forest-belledin-300x214.jpg, m10, 248, forest, belledin, 300x214
m10-249-forest-nelson-300x216.png, m10, 249, forest, nelson, 300x216
m12-232-plains-lyon-300x225.jpg, m12, 232, plains, lyon, 300x225
m12-233-plains-urbach-300x221.png, m12, 233, plains, urbach, 300x221
m12-235-island-childs-300x219.jpg, m12, 235, island, childs, 300x219
m12-237-island-mohrbacher-300x219.png, m12, 237, island, mohrbacher, 300x219
m12-238-swamp-childs-300x219.jpg, m12, 238, swamp, childs, 300x219
m12-240-swamp-park-300x218.png, m12, 240, swamp, park, 300x218
m12-242-mountain-childs-300x219.jpg, m12, 242, mountain, childs, 300x219
m12-244-mountain-ruppel-300x220.png, m12, 244, mountain, ruppel, 300x220
m12-247-forest-baga-300x219.jpg, m12, 247, forest, baga, 300x219
m12-249-forest-pancoast-300x220.png, m12, 249, forest, pancoast, 300x220
m13-231-plains-bradley-300x225.jpg, m13, 231, plains, bradley, 300x225
m13-232-plains-hamm-300x210.jpg, m13, 232, plains, hamm, 300x210
m13-235-island-bradley-300x225.jpg, m13, 235, island, bradley, 300x225
m13-238-swamp-bierek-300x219.jpg, m13, 238, swamp, bierek, 300x219
m13-239-swamp-bierek-300x219.jpg, m13, 239, swamp, bierek, 300x219
m13-248-forest-bradley-300x225.jpg, m13, 248, forest, bradley, 300x225
m14-231-plains-dero-300x219.jpg, m14, 231, plains, dero, 300x219
m14-233-plains-rocha-300x219.png, m14, 233, plains, rocha, 300x219
m14-236-island-dero-300x219.jpg, m14, 236, island, dero, 300x219
m14-237-island-rocha-300x219.jpg, m14, 237, island, rocha, 300x219
m14-239-swamp-dero-300x219.jpg, m14, 239, swamp, dero, 300x219
m14-241-swamp-rocha-300x219.png, m14, 241, swamp, rocha, 300x219
m14-243-mountain-dero-300x219.jpg, m14, 243, mountain, dero, 300x219
m14-245-mountain-rocha-300x219.jpg, m14, 245, mountain, rocha, 300x219
m14-248-forest-dero-300x219.jpg, m14, 248, forest, dero, 300x219
m14-249-forest-rocha-300x220.png, m14, 249, forest, rocha, 300x220
m15-250-plains-avon-300x217.png, m15, 250, plains, avon, 300x217
m15-255-island-degesincourt-300x219.jpg, m15, 255, island, degesincourt, 300x219
m15-258-swamp-avon-300x219.jpg, m15, 258, swamp, avon, 300x219
m15-263-mountain-degesincourt-300x219.jpg, m15, 263, mountain, degesincourt, 300x219
m15-266-forest-avon-300x219.jpg, m15, 266, forest, avon, 300x219
m19-271-swamp-choi-300x219.jpg, m19, 271, swamp, choi, 300x219
m19-280-forest-paquette-300x220.png, m19, 280, forest, paquette, 300x220
m21-309-dero-plains-300x220.jpg, m21, 309, dero, plains, 300x220
m21-310-dero-island-300x220.jpg, m21, 310, dero, island, 300x220
m21-311-dero-swamp-300x220.jpg, m21, 311, dero, swamp, 300x220
m21-312-dero-mountain-300x220.jpg, m21, 312, dero, mountain, 300x220
m21-313-dero-forest-300x220.jpg, m21, 313, dero, forest, 300x220
mbs-146-plains-paick-300x219.png, mbs, 146, plains, paick, 300x219
mbs-147-plains-paick-300x219.png, mbs, 147, plains, paick, 300x219
mbs-148-island-park-300x220.jpg, mbs, 148, island, park, 300x220
mbs-149-island-park-300x220.jpg, mbs, 149, island, park, 300x220
mbs-150-swamp-grant-west-300x219.jpg, mbs, 150, swamp, grant, west
mbs-151-swamp-grant-west-300x219.jpg, mbs, 151, swamp, grant, west
mbs-152-mountain-jedruszek-300x220.jpg, mbs, 152, mountain, jedruszek, 300x220
mbs-153-mountain-jedruszek-300x220.jpg, mbs, 153, mountain, jedruszek, 300x220
mbs-154-forest-tedin-300x220.jpg, mbs, 154, forest, tedin, 300x220
mbs-155-forest-tedin-300x220.jpg, mbs, 155, forest, tedin, 300x220
mir-331-plains-wanerstrand-300x240.jpg, mir, 331, plains, wanerstrand, 300x240
mir-332-plains-wanerstrand-300x241.jpg, mir, 332, plains, wanerstrand, 300x241
mir-333-plains-wanerstrand-300x241.jpg, mir, 333, plains, wanerstrand, 300x241
mir-334-plains-wanerstrand-300x240.jpg, mir, 334, plains, wanerstrand, 300x240
mir-335-island-shuler-300x250.png, mir, 335, island, shuler, 300x250
mir-336-island-shuler-300x253.png, mir, 336, island, shuler, 300x253
mir-337-island-shuler-300x252.png, mir, 337, island, shuler, 300x252
mir-338-island-shuler-300x250.png, mir, 338, island, shuler, 300x250
mir-339-swamp-eggleton-300x242.jpg, mir, 339, swamp, eggleton, 300x242
mir-340-swamp-eggleton-300x240.jpg, mir, 340, swamp, eggleton, 300x240
mir-341-swamp-eggleton-300x241.jpg, mir, 341, swamp, eggleton, 300x241
mir-342-swamp-eggleton-300x242.jpg, mir, 342, swamp, eggleton, 300x242
mir-343-mountain-avon-300x238.jpg, mir, 343, mountain, avon, 300x238
mir-344-mountain-avon-300x250.jpg, mir, 344, mountain, avon, 300x250
mir-345-mountain-avon-300x238.jpg, mir, 345, mountain, avon, 300x238
mir-346-mountain-avon-300x238.jpg, mir, 346, mountain, avon, 300x238
mir-347-forest-roberts-300x242.jpg, mir, 347, forest, roberts, 300x242
mir-348-forest-roberts-300x242.jpg, mir, 348, forest, roberts, 300x242
mir-349-forest-roberts-300x242.jpg, mir, 349, forest, roberts, 300x242
mir-350-forest-roberts-300x242.jpg, mir, 350, forest, roberts, 300x242
mmq-331-plains-springer-300x232.jpg, mmq, 331, plains, springer, 300x232
mmq-332-plains-bailey-300x235.jpg, mmq, 332, plains, bailey, 300x235
mmq-333-plains-knutson-300x235.jpg, mmq, 333, plains, knutson, 300x235
mmq-334-plains-beard-300x241.jpg, mmq, 334, plains, beard, 300x241
mmq-335-island-springer-300x236.jpg, mmq, 335, island, springer, 300x236
mmq-336-island-bailey-300x238.jpg, mmq, 336, island, bailey, 300x238
mmq-337-island-bailey-300x237.jpg, mmq, 337, island, bailey, 300x237
mmq-338-island-szczudlo-300x239.jpg, mmq, 338, island, szczudlo, 300x239
mmq-339-swamp-easley-300x241.jpg, mmq, 339, swamp, easley, 300x241
mmq-340-swamp-alexander-300x236.jpg, mmq, 340, swamp, alexander, 300x236
mmq-341-swamp-alexander-300x238.jpg, mmq, 341, swamp, alexander, 300x238
mmq-342-swamp-springer-300x241.jpg, mmq, 342, swamp, springer, 300x241
mmq-343-mountain-springer-300x236.jpg, mmq, 343, mountain, springer, 300x236
mmq-344-mountain-bailey-300x236.jpg, mmq, 344, mountain, bailey, 300x236
mmq-345-mountain-knutson-300x236.jpg, mmq, 345, mountain, knutson, 300x236
mmq-346-mountain-alexander-300x236.png, mmq, 346, mountain, alexander, 300x236
mmq-347-forest-giancola-300x221.jpg, mmq, 347, forest, giancola, 300x221
mmq-348-forest-alexander-300x239.jpg, mmq, 348, forest, alexander, 300x239
mmq-349-forest-alexander-300x235.jpg, mmq, 349, forest, alexander, 300x235
mmq-350-forest-springer-300x241.jpg, mmq, 350, forest, springer, 300x241
mrd-287-plains-tedin-300x239.jpg, mrd, 287, plains, tedin, 300x239
mrd-288-plains-alexander-300x248.jpg, mrd, 288, plains, alexander, 300x248
mrd-289-plains-pilcerova-300x232.png, mrd, 289, plains, pilcerova, 300x232
mrd-290-plains-avon-300x249.jpg, mrd, 290, plains, avon, 300x249
mrd-291-island-tedin-300x241.jpg, mrd, 291, island, tedin, 300x241
mrd-292-island-alexander-300x220.jpg, mrd, 292, island, alexander, 300x220
mrd-293-island-pilcerova-300x234.png, mrd, 293, island, pilcerova, 300x234
mrd-294-island-avon-300x248.jpg, mrd, 294, island, avon, 300x248
mrd-295-swamp-tedin-300x241.jpg, mrd, 295, swamp, tedin, 300x241
mrd-296-swamp-alexander-300x213.png, mrd, 296, swamp, alexander, 300x213
mrd-297-swamp-pilcerova-300x231.png, mrd, 297, swamp, pilcerova, 300x231
mrd-298-swamp-avon-300x251.jpg, mrd, 298, swamp, avon, 300x251
mrd-299-mountain-tedin-300x229.jpg, mrd, 299, mountain, tedin, 300x229
mrd-300-mountain-alexander-300x220.jpg, mrd, 300, mountain, alexander, 300x220
mrd-301-mountain-pilcerova-300x231.png, mrd, 301, mountain, pilcerova, 300x231
mrd-302-mountain-avon-300x252.jpg, mrd, 302, mountain, avon, 300x252
mrd-303-forest-tedin-300x225.jpg, mrd, 303, forest, tedin, 300x225
mrd-304-forest-alexander-300x220.jpg, mrd, 304, forest, alexander, 300x220
mrd-305-forest-pilcerova-300x220.jpg, mrd, 305, forest, pilcerova, 300x220
mrd-306-forest-avon-300x249.jpg, mrd, 306, forest, avon, 300x249
nph-166-plains-paick-300x219.jpg, nph, 166, plains, paick, 300x219
nph-167-plains-paick-300x219.jpg, nph, 167, plains, paick, 300x219
nph-168-island-park-300x218.jpg, nph, 168, island, park, 300x218
nph-169-island-park-300x218.jpg, nph, 169, island, park, 300x218
nph-170-swamp-grant-west-300x219.jpg, nph, 170, swamp, grant, west
nph-171-swamp-grant-west-300x220.jpg, nph, 171, swamp, grant, west
nph-172-mountain-jedruszek-300x218.jpg, nph, 172, mountain, jedruszek, 300x218
nph-173-mountain-jedruszek-300x220.jpg, nph, 173, mountain, jedruszek, 300x220
nph-174-forest-tedin-300x240.jpg, nph, 174, forest, tedin, 300x240
nph-175-forest-tedin-300x239.jpg, nph, 175, forest, tedin, 300x239
ody-331-plains-pollack-300x224.jpg, ody, 331, plains, pollack, 300x224
ody-332-plains-hazeltine-300x229.png, ody, 332, plains, hazeltine, 300x229
ody-333-plains-peterson-300x241.jpg, ody, 333, plains, peterson, 300x241
ody-334-plains-alexander-300x234.png, ody, 334, plains, alexander, 300x234
ody-335-island-pollack-300x242.jpg, ody, 335, island, pollack, 300x242
ody-336-island-thompson-300x242.jpg, ody, 336, island, thompson, 300x242
ody-337-island-elmore-300x240.png, ody, 337, island, elmore, 300x240
ody-338-island-alexander-300x236.jpg, ody, 338, island, alexander, 300x236
ody-339-swamp-tiritilli-300x241.jpg, ody, 339, swamp, tiritilli, 300x241
ody-340-swamp-swekel-300x241.jpg, ody, 340, swamp, swekel, 300x241
ody-341-swamp-alexander-300x237.jpg, ody, 341, swamp, alexander, 300x237
ody-342-swamp-pollack-300x238.png, ody, 342, swamp, pollack, 300x238
ody-343-mountain-waters-300x250.png, ody, 343, mountain, waters, 300x250
ody-344-mountain-vohwinkel-300x226.jpg, ody, 344, mountain, vohwinkel, 300x226
ody-345-mountain-alexander-300x241.jpg, ody, 345, mountain, alexander, 300x241
ody-346-mountain-szczudlo-300x240.jpg, ody, 346, mountain, szczudlo, 300x240
ody-347-forest-elmore-300x237.jpg, ody, 347, forest, elmore, 300x237
ody-348-forest-alexander-300x237.jpg, ody, 348, forest, alexander, 300x237
ody-349-forest-tiritilli-300x231.png, ody, 349, forest, tiritilli, 300x231
ody-350-forest-szczudlo-300x240.jpg, ody, 350, forest, szczudlo, 300x240
ons-331-plains-alexander-300x238.png, ons, 331, plains, alexander, 300x238
ons-332-plains-mitchell-300x235.png, ons, 332, plains, mitchell, 300x235
ons-333-plains-martin-300x240.jpg, ons, 333, plains, martin, 300x240
ons-334-plains-day-300x241.jpg, ons, 334, plains, day, 300x241
ons-335-island-szczudlo-300x239.jpg, ons, 335, island, szczudlo, 300x239
ons-336-island-williams-300x236.png, ons, 336, island, williams, 300x236
ons-337-island-thompson-300x238.jpg, ons, 337, island, thompson, 300x238
ons-338-island-elliott-300x229.png, ons, 338, island, elliott, 300x229
ons-339-swamp-szczudlo-300x239.jpg, ons, 339, swamp, szczudlo, 300x239
ons-340-swamp-chaffee-300x239.jpg, ons, 340, swamp, chaffee, 300x239
ons-341-swamp-frazier-300x259.jpg, ons, 341, swamp, frazier, 300x259
ons-342-swamp-venters-300x239.png, ons, 342, swamp, venters, 300x239
ons-343-mountain-szczudlo-300x240.jpg, ons, 343, mountain, szczudlo, 300x240
ons-344-mountain-wood-300x238.png, ons, 344, mountain, wood, 300x238
ons-345-mountain-day-300x248.jpg, ons, 345, mountain, day, 300x248
ons-346-mountain-hudson-300x235.jpg, ons, 346, mountain, hudson, 300x235
ons-347-forest-avon-300x250.jpg, ons, 347, forest, avon, 300x250
ons-348-forest-matson-300x242.jpg, ons, 348, forest, matson, 300x242
ons-349-forest-avon-300x238.jpg, ons, 349, forest, avon, 300x238
ons-350-forest-martin-300x240.png, ons, 350, forest, martin, 300x240
ori-257-island-park-300x218.png, ori, 257, island, park, 300x218
ori-258-island-park-300x219.jpg, ori, 258, island, park, 300x219
ori-265-mountain-bradley-300x220.png, ori, 265, mountain, bradley, 300x220
ori-266-mountain-bradley-300x220.png, ori, 266, mountain, bradley, 300x220
ori-267-mountain-burley-300x219.jpg, ori, 267, mountain, burley, 300x219
ori-268-mountain-burley-300x219.jpg, ori, 268, mountain, burley, 300x219
ori-270-forest-dero-300x219.jpg, ori, 270, forest, dero, 300x219
ori-271-forest-dero-300x219.jpg, ori, 271, forest, dero, 300x219
p02-151-plains-fields-300x242.jpg, p02, 151, plains, fields, 300x242
p02-152-plains-fkelds-300x241.jpg, p02, 152, plains, fkelds, 300x241
p02-153-plains-fields-300x241.jpg, p02, 153, plains, fields, 300x241
p02-154-island-avon-300x238.jpg, p02, 154, island, avon, 300x238
p02-155-island-avon-300x238.jpg, p02, 155, island, avon, 300x238
p02-156-island-avon-300x238.jpg, p02, 156, island, avon, 300x238
p02-157-swamp-vancamp-300x243.png, p02, 157, swamp, vancamp, 300x243
p02-158-swamp-vancamp-300x240.png, p02, 158, swamp, vancamp, 300x240
p02-159-swamp-vancamp-300x245.png, p02, 159, swamp, vancamp, 300x245
p02-160-mountain-alexander-300x241.jpg, p02, 160, mountain, alexander, 300x241
p02-161-mountain-alexander-300x241.jpg, p02, 161, mountain, alexander, 300x241
p02-162-mountain-alexander-300x241.jpg, p02, 162, mountain, alexander, 300x241
p02-163-forest-hoover-300x246.png, p02, 163, forest, hoover, 300x246
p02-164-forest-hoover-300x237.png, p02, 164, forest, hoover, 300x237
p02-165-forest-hoover-300x241.jpg, p02, 165, forest, hoover, 300x241
pal03-1-plains-alexander-300x231.png, pal03, 1, plains, alexander, 300x231
pal03-2-island-alexander-300x231.png, pal03, 2, island, alexander, 300x231
pal03-3-swamp-alexander-300x231.png, pal03, 3, swamp, alexander, 300x231
pal03-4-mountain-alexander-300x231.png, pal03, 4, mountain, alexander, 300x231
pal03-5-forest-alexander-300x231.png, pal03, 5, forest, alexander, 300x231
pal04-1-plains-avon-300x220.jpg, pal04, 1, plains, avon, 300x220
pal04-2-island-avon-300x218.jpg, pal04, 2, island, avon, 300x218
pal04-3-swamp-avon-300x220.jpg, pal04, 3, swamp, avon, 300x220
pal04-4-mountain-avon-300x220.jpg, pal04, 4, mountain, avon, 300x220
pal04-5-forest-avon-300x220.jpg, pal04, 5, forest, avon, 300x220
pal05-1-plains-thompson-300x231.png, pal05, 1, plains, thompson, 300x231
pal05-2-island-island-thompson-300x232.png, pal05, 2, island, island, thompson
pal05-3-swamp-thompson-300x239.jpg, pal05, 3, swamp, thompson, 300x239
pal05-4-mountain-thompson-300x225.png, pal05, 4, mountain, thompson, 300x225
pal05-5-forest-thompson-300x241.png, pal05, 5, forest, thompson, 300x241
pal06-1-plains-avon-300x220.jpg, pal06, 1, plains, avon, 300x220
pal06-2-island-avon-300x220.jpg, pal06, 2, island, avon, 300x220
pal06-3-swamp-avon-300x220.jpg, pal06, 3, swamp, avon, 300x220
pal06-4-mountain-avon-300x220.jpg, pal06, 4, mountain, avon, 300x220
pal06-5-forest-avon-300x220.jpg, pal06, 5, forest, avon, 300x220
palp-1-forest-venters-300x242.jpg, palp, 1, forest, venters, 300x242
palp-10-swamp-spears-300x242.jpg, palp, 10, swamp, spears, 300x242
palp-11-forest-beard-300x242.jpg, palp, 11, forest, beard, 300x242
palp-12-island-alexander-300x242.jpg, palp, 12, island, alexander, 300x242
palp-13-mountain-beard-300x242.jpg, palp, 13, mountain, beard, 300x242
palp-14-plains-guay-300x242.jpg, palp, 14, plains, guay, 300x242
palp-15-swamp-spears-300x242.jpg, palp, 15, swamp, spears, 300x242
palp-2-island-beard-300x242.jpg, palp, 2, island, beard, 300x242
palp-3-mountain-hudson-300x242.jpg, palp, 3, mountain, hudson, 300x242
palp-4-plains-spears-300x242.jpg, palp, 4, plains, spears, 300x242
palp-5-swamp-beard-300x242.jpg, palp, 5, swamp, beard, 300x242
palp-6-forest-rush-300x242.jpg, palp, 6, forest, rush, 300x242
palp-7-island-eggleton-300x242.jpg, palp, 7, island, eggleton, 300x242
palp-8-mountain-guay-300x242.jpg, palp, 8, mountain, guay, 300x242
palp-9-plains-macneil-300x242.jpg, palp, 9, plains, macneil, 300x242
parl-1-plains-roberts-300x242.jpg, parl, 1, plains, roberts, 300x242
parl-2-island-roberts-300x242.jpg, parl, 2, island, roberts, 300x242
parl-3-swamp-roberts-300x242.jpg, parl, 3, swamp, roberts, 300x242
parl-4-mountain-roberts-300x242.jpg, parl, 4, mountain, roberts, 300x242
parl-5-forest-roberts-300x243.jpg, parl, 5, forest, roberts, 300x243
pdgm-157-plains-300x220.jpg, pdgm, 157, plains, None, 300x220
pelp-1-forest-bailey-300x242.jpg, pelp, 1, forest, bailey, 300x242
pelp-10-swamp-walker-300x242.jpg, pelp, 10, swamp, walker, 300x242
pelp-11-forest-ploog-300x242.jpg, pelp, 11, forest, ploog, 300x242
pelp-12-island-thompson-300x242.jpg, pelp, 12, island, thompson, 300x242
pelp-13-mountain-peterson-300x241.jpg, pelp, 13, mountain, peterson, 300x241
pelp-14-plains-thompson-300x241.jpg, pelp, 14, plains, thompson, 300x241
pelp-15-swamp-ploog-300x241.jpg, pelp, 15, swamp, ploog, 300x241
pelp-2-island-thompson-300x242.jpg, pelp, 2, island, thompson, 300x242
pelp-3-mountain-walker-300x240.png, pelp, 3, mountain, walker, 300x240
pelp-4-plains-ploog-300x242.jpg, pelp, 4, plains, ploog, 300x242
pelp-5-swamp-bailey-300x242.jpg, pelp, 5, swamp, bailey, 300x242
pelp-6-forest-walker-300x239.png, pelp, 6, forest, walker, 300x239
pelp-7-island-peterson-300x242.jpg, pelp, 7, island, peterson, 300x242
pelp-8-mountain-bailey-300x242.jpg, pelp, 8, mountain, bailey, 300x242
pelp-9-plains-peterson-300x242.jpg, pelp, 9, plains, peterson, 300x242
pf19-2-plains-burley-300x220.jpg, pf19, 2, plains, burley, 300x220
pf19-3-island-burley-300x220.jpg, pf19, 3, island, burley, 300x220
pf19-4-swamp-burley-300x220.jpg, pf19, 4, swamp, burley, 300x220
pf19-5-mountain-burley-300x220.jpg, pf19, 5, mountain, burley, 300x220
pf19-6-forest-burley-300x220.jpg, pf19, 6, forest, burley, 300x220
pf20-2-plains-dero-300x220.jpeg, pf20, 2, plains, dero, 300x220
pf20-3-island-dero-300x221.jpeg, pf20, 3, island, dero, 300x221
pf20-4-swamp-dero-300x220.jpeg, pf20, 4, swamp, dero, 300x220
pf20-5-mountain-dero-300x221.jpeg, pf20, 5, mountain, dero, 300x221
pf20-6-forest-dero-300x221.jpeg, pf20, 6, forest, dero, 300x221
pgpx-2018a-plains-giancola-300x225.png, pgpx, 2018a, plains, giancola, 300x225
pgpx-2018b-island-giancola-300x225.png, pgpx, 2018b, island, giancola, 300x225
pgpx-2018c-swamp-giancola-300x225.png, pgpx, 2018c, swamp, giancola, 300x225
pgpx-2018d-mountain-giancola-300x225.png, pgpx, 2018d, mountain, giancola, 300x225
pgpx-2018f-forest-giancola-300x225.png, pgpx, 2018f, forest, giancola, 300x225
pgru-1-plains-nielsen-300x245.jpg, pgru, 1, plains, nielsen, 300x245
pgru-2-island-nielsen-300x243.jpg, pgru, 2, island, nielsen, 300x243
pgru-3-swamp-nielsen-300x244.jpg, pgru, 3, swamp, nielsen, 300x244
pgru-4-mountain-nielsen-300x246.jpg, pgru, 4, mountain, nielsen, 300x246
pgru-5-forest-nielsen-300x244.jpg, pgru, 5, forest, nielsen, 300x244
pmps06-1-plains-bader-300x220.jpg, pmps06, 1, plains, bader, 300x220
pmps06-2-island-avon-300x220.jpg, pmps06, 2, island, avon, 300x220
pmps06-3-swamp-puddnhead-300x220.jpg, pmps06, 3, swamp, puddnhead, 300x220
pmps06-4-mountain-walker-300x220.jpg, pmps06, 4, mountain, walker, 300x220
pmps06-5-forest-pilcerova-300x220.jpg, pmps06, 5, forest, pilcerova, 300x220
pmps07-1-plains-avon-300x220.jpg, pmps07, 1, plains, avon, 300x220
pmps07-2-island-avon-300x220.jpg, pmps07, 2, island, avon, 300x220
pmps07-3-swamp-avon-300x220.jpg, pmps07, 3, swamp, avon, 300x220
pmps07-4-mountain-avon-300x220.jpg, pmps07, 4, mountain, avon, 300x220
pmps07-5-forest-avon-300x220.jpg, pmps07, 5, forest, avon, 300x220
pmps08-1-plains-avon-300x221.jpg, pmps08, 1, plains, avon, 300x221
pmps08-2-island-avon-300x221.jpg, pmps08, 2, island, avon, 300x221
pmps08-3-swamp-avon-300x221.jpg, pmps08, 3, swamp, avon, 300x221
pmps08-4-mountain-avon-300x221.jpg, pmps08, 4, mountain, avon, 300x221
pmps08-5-forest-avon-300x221.jpg, pmps08, 5, forest, avon, 300x221
pmps09-1-plains-alexander-300x223.jpg, pmps09, 1, plains, alexander, 300x223
pmps09-2-island-alexander-300x221.jpg, pmps09, 2, island, alexander, 300x221
pmps09-3-swamp-alexander-300x220.jpg, pmps09, 3, swamp, alexander, 300x220
pmps09-4-mountain-alexander-300x220.jpg, pmps09, 4, mountain, alexander, 300x220
pmps09-5-forest-alexander-300x222.png, pmps09, 5, forest, alexander, 300x222
pmps10-1-plains-avon-300x220.jpg, pmps10, 1, plains, avon, 300x220
pmps10-2-island-avon-300x220.jpg, pmps10, 2, island, avon, 300x220
pmps10-3-swamp-avon-300x220.jpg, pmps10, 3, swamp, avon, 300x220
pmps10-4-mountain-avon-300x219.jpg, pmps10, 4, mountain, avon, 300x219
pmps10-5-forest-avon-300x220.jpg, pmps10, 5, forest, avon, 300x220
pmps11-1-plains-paquette-300x219.jpg, pmps11, 1, plains, paquette, 300x219
pmps11-2-island-paquette-300x219.jpg, pmps11, 2, island, paquette, 300x219
pmps11-3-swamp-paquette-300x219.png, pmps11, 3, swamp, paquette, 300x219
pmps11-4-mountain-paquette-300x219.jpg, pmps11, 4, mountain, paquette, 300x219
pmps11-5-forest-paquette-300x219.jpg, pmps11, 5, forest, paquette, 300x219
por-196-plains-shuler-300x236.png, por, 196, plains, shuler, 300x236
por-197-plains-shuler-300x241.png, por, 197, plains, shuler, 300x241
por-198-plains-shuler-300x242.png, por, 198, plains, shuler, 300x242
por-199-plains-shuler-300x240.png, por, 199, plains, shuler, 300x240
por-200-island-peterson-300x240.jpg, por, 200, island, peterson, 300x240
por-201-island-peterson-300x241.jpg, por, 201, island, peterson, 300x241
por-202-island-peterson-300x241.jpg, por, 202, island, peterson, 300x241
por-203-island-peterson-300x241.jpg, por, 203, island, peterson, 300x241
por-204-swamp-romas-300x250.jpg, por, 204, swamp, romas, 300x250
por-205-swamp-romas-300x250.jpg, por, 205, swamp, romas, 300x250
por-206-swamp-romas-300x246.jpg, por, 206, swamp, romas, 300x246
por-207-swamp-romas-300x241.jpg, por, 207, swamp, romas, 300x241
por-208-mountain-durfee-300x240.jpg, por, 208, mountain, durfee, 300x240
por-209-mountain-durfee-300x241.jpg, por, 209, mountain, durfee, 300x241
por-210-mountain-durfee-300x241.jpg, por, 210, mountain, durfee, 300x241
por-211-mountain-durfee-300x241.jpg, por, 211, mountain, durfee, 300x241
por-212-forest-avon-300x241.jpg, por, 212, forest, avon, 300x241
por-213-forest-avon-300x251.jpg, por, 213, forest, avon, 300x251
por-214-forest-avon-300x238.jpg, por, 214, forest, avon, 300x238
por-215-forest-avon-300x248.png, por, 215, forest, avon, 300x248
ppp1-1-plains-ljunggren-300x219.jpg, ppp1, 1, plains, ljunggren, 300x219
ppp1-2-island-dura-300x220.jpg, ppp1, 2, island, dura, 300x220
ppp1-3-swamp-forssberg-300x219.jpg, ppp1, 3, swamp, forssberg, 300x219
ppp1-4mountain-dura-300x220.jpg, ppp1, 4mountain, dura, None, 300x220
ppp1-5-forest-danner-300x220.jpg, ppp1, 5, forest, danner, 300x220
pss3-1-plains-danner-300x220.jpg, pss3, 1, plains, danner, 300x220
pss3-2-island-danner-300x220.jpg, pss3, 2, island, danner, 300x220
pss3-3-swamp-danner-300x220.jpg, pss3, 3, swamp, danner, 300x220
pss3-4-mountain-danner-300x220.jpg, pss3, 4, mountain, danner, 300x220
pss3-5-forest-danner-300x220.jpg, pss3, 5, forest, danner, 300x220
ptk-166-plains-jiancheng-300x242.jpg, ptk, 166, plains, jiancheng, 300x242
ptk-167-plains-jiancheng-300x241.jpg, ptk, 167, plains, jiancheng, 300x241
ptk-168-plains-jiancheng-300x242.jpg, ptk, 168, plains, jiancheng, 300x242
ptk-169-island-xueming-300x242.jpg, ptk, 169, island, xueming, 300x242
ptk-170-island-xueming-300x242.jpg, ptk, 170, island, xueming, 300x242
ptk-171-island-xueming-300x242.jpg, ptk, 171, island, xueming, 300x242
ptk-172-swamp-chuxiong-300x242.jpg, ptk, 172, swamp, chuxiong, 300x242
ptk-173-swamp-chuxiong-300x242.jpg, ptk, 173, swamp, chuxiong, 300x242
ptk-174-swamp-chuxiong-300x242.jpg, ptk, 174, swamp, chuxiong, 300x242
ptk-175-mountain-jun-300x242.jpg, ptk, 175, mountain, jun, 300x242
ptk-176-mountain-jun-300x242.jpg, ptk, 176, mountain, jun, 300x242
ptk-177-mountain-jun-300x242.jpg, ptk, 177, mountain, jun, 300x242
ptk-178-forest-yong-300x242.jpg, ptk, 178, forest, yong, 300x242
ptk-179-forest-yong-300x242.jpg, ptk, 179, forest, yong, 300x242
ptk-180-forest-yong-300x242.jpg, ptk, 180, forest, yong, 300x242
rav-287-plains-martiniere-300x225.png, rav, 287, plains, martiniere, 300x225
rav-288-plains-moeller-300x233.png, rav, 288, plains, moeller, 300x233
rav-289-plains-waters-300x221.png, rav, 289, plains, waters, 300x221
rav-290-plains-wright-300x225.png, rav, 290, plains, wright, 300x225
rav-291-island-martiniere-300x225.png, rav, 291, island, martiniere, 300x225
rav-292-island-moeller-300x236.png, rav, 292, island, moeller, 300x236
rav-293-island-waters-300x225.jpg, rav, 293, island, waters, 300x225
rav-294-island-wright-300x225.png, rav, 294, island, wright, 300x225
rav-295-swamp-martiniere-300x225.png, rav, 295, swamp, martiniere, 300x225
rav-296-swamp-moeller-300x230.jpg, rav, 296, swamp, moeller, 300x230
rav-297-swamp-waters-300x213.png, rav, 297, swamp, waters, 300x213
rav-298-swamp-wright-300x225.png, rav, 298, swamp, wright, 300x225
rav-299-mountain-martiniere-300x227.jpg, rav, 299, mountain, martiniere, 300x227
rav-300-mountain-moeller-300x220.png, rav, 300, mountain, moeller, 300x220
rav-301-mountain-waters-300x225.png, rav, 301, mountain, waters, 300x225
rav-302-mountain-wright-300x225.png, rav, 302, mountain, wright, 300x225
rav-303-forest-martiniere-300x225.png, rav, 303, forest, martiniere, 300x225
rav-304-forest-moeller-300x236.png, rav, 304, forest, moeller, 300x236
rav-305-forest-waters-300x225.png, rav, 305, forest, waters, 300x225
rav-306-forest-wright-300x225.png, rav, 306, forest, wright, 300x225
rix-192-plains-marinski-300x221.jpg, rix, 192, plains, marinski, 300x221
rix-193-island-marinski-300x221.jpg, rix, 193, island, marinski, 300x221
rix-194-swamp-marinski-300x221.jpg, rix, 194, swamp, marinski, 300x221
rix-195-mountain-marinski-300x221.jpg, rix, 195, mountain, marinski, 300x221
rix-196-forest-marinski-300x221.jpg, rix, 196, forest, marinski, 300x221
rna-260-plains-lunter-300x220.jpg, rna, 260, plains, lunter, 300x220
rna-261-island-zana-300x219.jpg, rna, 261, island, zana, 300x219
rna-262-swamp-paquette-300x220.png, rna, 262, swamp, paquette, 300x220
rna-263-mountain-dero-300x219.jpg, rna, 263, mountain, dero, 300x219
rna-264-forest-zana-300x225.png, rna, 264, forest, zana, 300x225
roe-229-plains-avon-300x220.jpg, roe, 229, plains, avon, 300x220
roe-230-plains-avon-300x220.jpg, roe, 230, plains, avon, 300x220
roe-231-plains-avon-300x220.jpg, roe, 231, plains, avon, 300x220
roe-232-plains-avon-300x220.jpg, roe, 232, plains, avon, 300x220
roe-233-island-proce-300x213.png, roe, 233, island, proce, 300x213
roe-234-island-proce-300x213.png, roe, 234, island, proce, 300x213
roe-235-island-proce-300x213.png, roe, 235, island, proce, 300x213
roe-236-island-proce-300x213.jpg, roe, 236, island, proce, 300x213
roe-237-swamp-meignaud-300x215.jpg, roe, 237, swamp, meignaud, 300x215
roe-238-swamp-meignaud-300x215.jpg, roe, 238, swamp, meignaud, 300x215
roe-239-swamp-meignaud-300x215.jpg, roe, 239, swamp, meignaud, 300x215
roe-240-swamp-meignaud-300x232.png, roe, 240, swamp, meignaud, 300x232
roe-241-mountain-paick-300x220.jpg, roe, 241, mountain, paick, 300x220
roe-242-mountain-paick-300x219.png, roe, 242, mountain, paick, 300x219
roe-243-mountain-paick-300x220.jpg, roe, 243, mountain, paick, 300x220
roe-244-mountain-paick-300x220.jpg, roe, 244, mountain, paick, 300x220
roe-245-forest-park-300x218.jpg, roe, 245, forest, park, 300x218
roe-246-forest-park-300x218.jpg, roe, 246, forest, park, 300x218
roe-247-forest-park-300x218.jpg, roe, 247, forest, park, 300x218
roe-248-forest-park-300x218.jpg, roe, 248, forest, park, 300x218
RTimr_5ed-430-plains-morrissey-300x246.png, RTimr_5ed, 430, plains, morrissey, 300x246
RTimt_5ed-430-plains-morrissey-300x246.png, RTimt_5ed, 430, plains, morrissey, 300x246
RTim_5ed-430-plains-morrissey-300x246.png, RTim_5ed, 430, plains, morrissey, 300x246
rtr-250-plains-avon-300x220.jpg, rtr, 250, plains, avon, 300x220
rtr-251-plains-han-300x220.jpg, rtr, 251, plains, han, 300x220
rtr-252-plains-paquette-300x219.png, rtr, 252, plains, paquette, 300x219
rtr-253-plains-wright-300x218.jpg, rtr, 253, plains, wright, 300x218
rtr-255-island-avon-300x220.jpg, rtr, 255, island, avon, 300x220
rtr-256-island-han-300x219.jpg, rtr, 256, island, han, 300x219
rtr-257-island-paquette-300x219.png, rtr, 257, island, paquette, 300x219
rtr-258-island-wright-300x218.jpg, rtr, 258, island, wright, 300x218
rtr-260-swamp-avon-300x220.jpg, rtr, 260, swamp, avon, 300x220
rtr-261-swamp-han-300x220.jpg, rtr, 261, swamp, han, 300x220
rtr-262-swamp-paquette-300x219.png, rtr, 262, swamp, paquette, 300x219
rtr-263-swamp-wright-300x218.jpg, rtr, 263, swamp, wright, 300x218
rtr-265-mountain-avon-300x220.jpg, rtr, 265, mountain, avon, 300x220
rtr-266-mountain-han-300x219.png, rtr, 266, mountain, han, 300x219
rtr-267-mountain-paquette-300x220.png, rtr, 267, mountain, paquette, 300x220
rtr-268-mountain-wright-300x218.jpg, rtr, 268, mountain, wright, 300x218
rtr-270-forest-avon-300x220.png, rtr, 270, forest, avon, 300x220
rtr-271-forest-han-300x219.jpg, rtr, 271, forest, han, 300x219
rtr-272-forest-paquette-300x219.png, rtr, 272, forest, paquette, 300x219
rtr-273-forest-wright-300x218.jpg, rtr, 273, forest, wright, 300x218
shm-282-plains-rayyan-300x220.jpg, shm, 282, plains, rayyan, 300x220
shm-283-plains-grant-west-300x220.jpg, shm, 283, plains, grant, west
shm-284-plains-kendall-300x220.jpg, shm, 284, plains, kendall, 300x220
shm-285-plains-macdougall-300x223.jpg, shm, 285, plains, macdougall, 300x223
shm-286-island-rayyan-300x220.jpg, shm, 286, island, rayyan, 300x220
shm-287-island-mahy-300x223.jpg, shm, 287, island, mahy, 300x223
shm-288-island-kitkouski-300x225.png, shm, 288, island, kitkouski, 300x225
shm-289-island-alexander-300x220.jpg, shm, 289, island, alexander, 300x220
shm-290-swamp-grant-west-300x220.jpg, shm, 290, swamp, grant, west
shm-291-swamp-mahy-300x223.jpg, shm, 291, swamp, mahy, 300x223
shm-292-swamp-post-300x222.jpg, shm, 292, swamp, post, 300x222
shm-293-swamp-chippy-300x221.png, shm, 293, swamp, chippy, 300x221
shm-294-mountain-kendall-300x220.jpg, shm, 294, mountain, kendall, 300x220
shm-295-mountain-kitkouski-300x225.png, shm, 295, mountain, kitkouski, 300x225
shm-296-mountain-post-300x223.jpg, shm, 296, mountain, post, 300x223
shm-297-mountain-prescott-300x223.jpg, shm, 297, mountain, prescott, 300x223
shm-298-forest-macdougall-300x223.jpg, shm, 298, forest, macdougall, 300x223
shm-299-forest-alexander-300x220.jpg, shm, 299, forest, alexander, 300x220
shm-300-forest-chippy-300x221.png, shm, 300, forest, chippy, 300x221
shm-301-forest-prescott-300x223.jpg, shm, 301, forest, prescott, 300x223
sld-100-plains-ross-300x219.jpg, sld, 100, plains, ross, 300x219
sld-101-plains-ross-300x219.jpg, sld, 101, plains, ross, 300x219
sld-102-island-ross-300x219.jpg, sld, 102, island, ross, 300x219
sld-103-island-ross-300x219.jpg, sld, 103, island, ross, 300x219
sld-104-swamp-ross-300x219.jpg, sld, 104, swamp, ross, 300x219
sld-105-swamp-ross-300x219.jpg, sld, 105, swamp, ross, 300x219
sld-106-mountain-ross-300x214.png, sld, 106, mountain, ross, 300x214
sld-107-mountain-ross-300x220.png, sld, 107, mountain, ross, 300x220
sld-108-forest-ross-300x219.jpg, sld, 108, forest, ross, 300x219
sld-109-forest-ross-300x219.jpg, sld, 109, forest, ross, 300x219
sld-119-swamp-mckinnon-222x300.png, sld, 119, swamp, mckinnon, 222x300
sld-239-plains-275x300.jpg, sld, 239, plains, None, 275x300
sld-240-island-275x300.jpg, sld, 240, island, None, 275x300
sld-241-swamp-275x300.jpg, sld, 241, swamp, None, 275x300
sld-242-mountain-275x300.jpg, sld, 242, mountain, None, 275x300
sld-243-forest-275x300.jpg, sld, 243, forest, None, 275x300
sld-63-grant-west-plains-247x300.png, sld, 63, grant, west, plains
sld-64-dero-island-247x300.png, sld, 64, dero, island, 247x300
sld-65-graciano-swamp-247x300.png, sld, 65, graciano, swamp, 247x300
sld-66-rutkowski-mountain-247x300.png, sld, 66, rutkowski, mountain, 247x300
sld-67-ravenna-forest-247x300.png, sld, 67, ravenna, forest, 247x300
soi-283-plains-dero-300x226.png, soi, 283, plains, dero, 300x226
soi-284-plains-paquette-300x226.jpg, soi, 284, plains, paquette, 300x226
soi-285-plains-rocha-300x227.png, soi, 285, plains, rocha, 300x227
soi-286-island-dero-300x226.png, soi, 286, island, dero, 300x226
soi-287-island-paquette-300x226.jpg, soi, 287, island, paquette, 300x226
soi-288-island-rocha-300x227.png, soi, 288, island, rocha, 300x227
soi-289-swamp-dero-300x226.png, soi, 289, swamp, dero, 300x226
soi-290-swamp-park-300x218.png, soi, 290, swamp, park, 300x218
soi-291-swamp-rocha-300x227.png, soi, 291, swamp, rocha, 300x227
soi-292-mountain-dero-300x226.png, soi, 292, mountain, dero, 300x226
soi-293-mountain-paick-300x220.png, soi, 293, mountain, paick, 300x220
soi-294-mountain-rocha-300x227.png, soi, 294, mountain, rocha, 300x227
soi-295-forest-dero-300x226.png, soi, 295, forest, dero, 300x226
soi-296-forest-park-300x218.png, soi, 296, forest, park, 300x218
soi-297-forest-rocha-300x227.png, soi, 297, forest, rocha, 300x227
som-230-plains-paick-300x220.jpg, som, 230, plains, paick, 300x220
som-231-plains-paick-300x220.jpg, som, 231, plains, paick, 300x220
som-232-plains-paick-300x219.jpg, som, 232, plains, paick, 300x219
som-233-plains-paick-300x220.jpg, som, 233, plains, paick, 300x220
som-234-island-park-300x220.jpg, som, 234, island, park, 300x220
som-235-island-park-300x220.jpg, som, 235, island, park, 300x220
som-236-island-park-300x220.jpg, som, 236, island, park, 300x220
som-237-island-park-300x220.jpg, som, 237, island, park, 300x220
som-238-swamp-grant-west-300x220.jpg, som, 238, swamp, grant, west
som-239-swamp-grant-west-300x220.jpg, som, 239, swamp, grant, west
som-240-swamp-grant-west-300x220.jpg, som, 240, swamp, grant, west
som-241-swamp-grant-west-300x220.jpg, som, 241, swamp, grant, west
som-242-mountain-jedruszek-300x220.jpg, som, 242, mountain, jedruszek, 300x220
som-243-mountain-jedruszek-300x220.jpg, som, 243, mountain, jedruszek, 300x220
som-244-mountain-jedruszek-300x220.jpg, som, 244, mountain, jedruszek, 300x220
som-245-mountain-jedruszek-300x220.jpg, som, 245, mountain, jedruszek, 300x220
som-246-forest-tedin-300x220.jpg, som, 246, forest, tedin, 300x220
som-247-forest-tedin-300x220.jpg, som, 247, forest, tedin, 300x220
som-248-forest-tedin-300x220.jpg, som, 248, forest, tedin, 300x220
som-249-forest-tedin-300x220.jpg, som, 249, forest, tedin, 300x220
thb-250-plains-burley-222x300.png, thb, 250, plains, burley, 222x300
thb-251-island-burley-222x300.png, thb, 251, island, burley, 222x300
thb-252-swamp-burley-222x300.png, thb, 252, swamp, burley, 222x300
thb-253-mountain-burley-222x300.png, thb, 253, mountain, burley, 222x300
thb-254-forest-burley-222x300.png, thb, 254, forest, burley, 222x300
thb-278-plains-burley-300x220.png, thb, 278, plains, burley, 300x220
thb-279-plains-burley-300x220.png, thb, 279, plains, burley, 300x220
thb-280-island-burley-300x220.png, thb, 280, island, burley, 300x220
thb-281-island-burley-300x220.png, thb, 281, island, burley, 300x220
thb-282-swamp-burley-300x220.png, thb, 282, swamp, burley, 300x220
thb-283-swamp-burley-300x220.png, thb, 283, swamp, burley, 300x220
thb-284-mountain-burley-300x220.png, thb, 284, mountain, burley, 300x220
thb-285-mountain-burley-300x220.png, thb, 285, mountain, burley, 300x220
thb-286-forest-burley-300x220.png, thb, 286, forest, burley, 300x220
thb-287-forest-burley-300x220.png, thb, 287, forest, burley, 300x220
ths-230-plains-alexander-300x217.jpg, ths, 230, plains, alexander, 300x217
ths-231-plains-belledin-300x224.png, ths, 231, plains, belledin, 300x224
ths-232-plains-paquette-300x219.png, ths, 232, plains, paquette, 300x219
ths-233-plains-vitale-300x218.png, ths, 233, plains, vitale, 300x218
ths-234-island-alexander-300x218.jpg, ths, 234, island, alexander, 300x218
ths-235-island-belledin-300x225.png, ths, 235, island, belledin, 300x225
ths-236-island-paquette-300x219.png, ths, 236, island, paquette, 300x219
ths-237-island-vitale-300x219.png, ths, 237, island, vitale, 300x219
ths-238-swamp-alexander-300x216.jpg, ths, 238, swamp, alexander, 300x216
ths-239-swamp-belledin-300x224.png, ths, 239, swamp, belledin, 300x224
ths-240-swamp-paquette-300x219.png, ths, 240, swamp, paquette, 300x219
ths-241-swamp-vitale-300x218.png, ths, 241, swamp, vitale, 300x218
ths-242-mountain-alexander-300x217.jpg, ths, 242, mountain, alexander, 300x217
ths-243-mountain-belledin-300x223.png, ths, 243, mountain, belledin, 300x223
ths-244-mountain-paquette-300x219.png, ths, 244, mountain, paquette, 300x219
ths-245-mountain-vitale-300x218.jpg, ths, 245, mountain, vitale, 300x218
ths-246-forest-alexander-300x218.jpg, ths, 246, forest, alexander, 300x218
ths-247-forest-belledin-300x223.png, ths, 247, forest, belledin, 300x223
ths-248-forest-paquette-300x219.png, ths, 248, forest, paquette, 300x219
ths-249-forest-vitale-300x219.jpg, ths, 249, forest, vitale, 300x219
tmp-331-plains-nielsen-300x219.jpg, tmp, 331, plains, nielsen, 300x219
tmp-332-plains-nielsen-300x219.jpg, tmp, 332, plains, nielsen, 300x219
tmp-333-plains-nielsen-300x219.jpg, tmp, 333, plains, nielsen, 300x219
tmp-334-plains-nielsen-300x219.jpg, tmp, 334, plains, nielsen, 300x219
tmp-335-island-gallegos-300x241.jpg, tmp, 335, island, gallegos, 300x241
tmp-336-island-gallegos-300x238.png, tmp, 336, island, gallegos, 300x238
tmp-337-island-gallegos-300x241.jpg, tmp, 337, island, gallegos, 300x241
tmp-338-island-gallegos-300x241.jpg, tmp, 338, island, gallegos, 300x241
tmp-339-swamp-brom-300x241.jpg, tmp, 339, swamp, brom, 300x241
tmp-340-swamp-brom-300x241.jpg, tmp, 340, swamp, brom, 300x241
tmp-341-swamp-brom-300x241.jpg, tmp, 341, swamp, brom, 300x241
tmp-342-swamp-brom-300x241.jpg, tmp, 342, swamp, brom, 300x241
tmp-343-mountain-poole-300x219.jpg, tmp, 343, mountain, poole, 300x219
tmp-344-mountain-poole-300x219.jpg, tmp, 344, mountain, poole, 300x219
tmp-345-mountain-poole-300x219.jpg, tmp, 345, mountain, poole, 300x219
tmp-346-mountain-poole-300x219.jpg, tmp, 346, mountain, poole, 300x219
tmp-347-forest-shuler-300x248.jpg, tmp, 347, forest, shuler, 300x248
tmp-348-forest-shuler-300x244.jpg, tmp, 348, forest, shuler, 300x244
tmp-349-forest-shuler-300x246.jpg, tmp, 349, forest, shuler, 300x246
tmp-350-forest-shuler-300x241.jpg, tmp, 350, forest, shuler, 300x241
tsp-282-plains-alexander-300x220.jpg, tsp, 282, plains, alexander, 300x220
tsp-283-plains-mullins-300x218.png, tsp, 283, plains, mullins, 300x218
tsp-284-plains-sweet-300x220.jpg, tsp, 284, plains, sweet, 300x220
tsp-285-plains-wright-300x225.png, tsp, 285, plains, wright, 300x225
tsp-286-island-alexander-300x224.png, tsp, 286, island, alexander, 300x224
tsp-287-island-jarvis-300x218.png, tsp, 287, island, jarvis, 300x218
tsp-288-island-mullins-300x220.jpg, tsp, 288, island, mullins, 300x220
tsp-289-island-wright-300x225.png, tsp, 289, island, wright, 300x225
tsp-290-swamp-avon-300x220.jpg, tsp, 290, swamp, avon, 300x220
tsp-291-swamp-kovacs-300x218.png, tsp, 291, swamp, kovacs, 300x218
tsp-292-swamp-mullins-300x217.png, tsp, 292, swamp, mullins, 300x217
tsp-293-swamp-wright-300x225.png, tsp, 293, swamp, wright, 300x225
tsp-294-mountain-avon-300x218.jpg, tsp, 294, mountain, avon, 300x218
tsp-295-mountain-gregory-300x222.png, tsp, 295, mountain, gregory, 300x222
tsp-296-mountain-mullins-300x218.png, tsp, 296, mountain, mullins, 300x218
tsp-297-mountain-staples-300x220.png, tsp, 297, mountain, staples, 300x220
tsp-298-forest-alexander-300x225.png, tsp, 298, forest, alexander, 300x225
tsp-299-forest-kovacs-300x232.png, tsp, 299, forest, kovacs, 300x232
tsp-300-forest-mullins-300x225.png, tsp, 300, forest, mullins, 300x225
tsp-301-forest-tappin-300x219.jpg, tsp, 301, forest, tappin, 300x219
ugl-84-plains-rush-258x300.jpg, ugl, 84, plains, rush, 258x300
ugl-85-island-bader-258x300.jpg, ugl, 85, island, bader, 258x300
ugl-86-swamp-zug-258x300.jpg, ugl, 86, swamp, zug, 258x300
ugl-87-mountain-wanerstrand-258x300.jpg, ugl, 87, mountain, wanerstrand, 258x300
ugl-88-forest-nielsen-258x300.jpg, ugl, 88, forest, nielsen, 258x300
und-87-plains-burley-300x220.png, und, 87, plains, burley, 300x220
und-88-plains-paquette-222x300.png, und, 88, plains, paquette, 222x300
und-89-island-avon-300x218.png, und, 89, island, avon, 300x218
und-90-island-paquette-222x300.png, und, 90, island, paquette, 222x300
und-91-swamp-bierek-300x221.jpeg, und, 91, swamp, bierek, 300x221
und-92-swamp-paquette-222x300.png, und, 92, swamp, paquette, 222x300
und-93-mountain-alexander-300x219.jpg, und, 93, mountain, alexander, 300x219
und-94-mountain-paquette-222x300.png, und, 94, mountain, paquette, 222x300
und-95-forest-poole-300x219.jpg, und, 95, forest, poole, 300x219
und-96-forest-paquette-222x300.png, und, 96, forest, paquette, 222x300
unh-136-plains-avon-208x300.jpg, unh, 136, plains, avon, 208x300
unh-137-island-avon-208x300.jpg, unh, 137, island, avon, 208x300
unh-138-swamp-avon-208x300.jpg, unh, 138, swamp, avon, 208x300
unh-139-mountain-avon-208x300.jpg, unh, 139, mountain, avon, 208x300
unh-140-forest-avon-207x300.jpg, unh, 140, forest, avon, 207x300
usg-331-plains-alexander-300x240.jpg, usg, 331, plains, alexander, 300x240
usg-332-plains-alexander-300x240.jpg, usg, 332, plains, alexander, 300x240
usg-333-plains-alexander-300x240.jpg, usg, 333, plains, alexander, 300x240
usg-334-plains-alexander-300x240.jpg, usg, 334, plains, alexander, 300x240
usg-335-island-giancola-300x240.jpg, usg, 335, island, giancola, 300x240
usg-336-island-giancola-300x240.jpg, usg, 336, island, giancola, 300x240
usg-337-island-giancola-300x240.jpg, usg, 337, island, giancola, 300x240
usg-338-island-giancola-300x240.jpg, usg, 338, island, giancola, 300x240
usg-339-swamp-avon-300x250.jpg, usg, 339, swamp, avon, 300x250
usg-340-swamp-avon-300x251.jpg, usg, 340, swamp, avon, 300x251
usg-341-swamp-avon-300x250.jpg, usg, 341, swamp, avon, 300x250
usg-342-swamp-avon-300x250.jpg, usg, 342, swamp, avon, 300x250
usg-343-mountain-avon-300x238.jpg, usg, 343, mountain, avon, 300x238
usg-344-mountain-avon-300x251.jpg, usg, 344, mountain, avon, 300x251
usg-345-mountain-avon-300x249.jpg, usg, 345, mountain, avon, 300x249
usg-346-mountain-avon-300x251.jpg, usg, 346, mountain, avon, 300x251
usg-347-forest-waters-300x240.jpg, usg, 347, forest, waters, 300x240
usg-348-forest-waters-300x245.jpg, usg, 348, forest, waters, 300x245
usg-349-forest-waters-300x240.jpg, usg, 349, forest, waters, 300x240
usg-350-forest-waters-300x238.jpg, usg, 350, forest, waters, 300x238
ust-212-plains-avon-234x300.jpg, ust, 212, plains, avon, 234x300
ust-213-island-avon-234x300.jpg, ust, 213, island, avon, 234x300
ust-214-swamp-avon-234x300.jpg, ust, 214, swamp, avon, 234x300
ust-215-mountain-avon-234x300.jpg, ust, 215, mountain, avon, 234x300
ust-216-forest-avon-234x300.jpg, ust, 216, forest, avon, 234x300
war-250-plains-dero-300x220.jpg, war, 250, plains, dero, 300x220
war-251-plains-paquette-300x220.png, war, 251, plains, paquette, 300x220
war-252-plains-wright-300x221.jpg, war, 252, plains, wright, 300x221
war-253-island-paquette-300x220.png, war, 253, island, paquette, 300x220
war-254-island-wright-300x221.jpg, war, 254, island, wright, 300x221
war-255-island-zirngibl-300x236.jpg, war, 255, island, zirngibl, 300x236
war-256-swamp-lunter-300x220.jpeg, war, 256, swamp, lunter, 300x220
war-257-swamp-paquette-300x220.png, war, 257, swamp, paquette, 300x220
war-258-swamp-wright-300x221.jpg, war, 258, swamp, wright, 300x221
war-259-mountain-lunter-300x220.jpeg, war, 259, mountain, lunter, 300x220
war-260-mountain-paquette-300x220.png, war, 260, mountain, paquette, 300x220
war-261-mountain-wright-300x221.jpg, war, 261, mountain, wright, 300x221
war-262-forest-dero-300x220.jpg, war, 262, forest, dero, 300x220
war-263-forest-lunter-300x220.jpeg, war, 263, forest, lunter, 300x220
war-264-forest-wright-300x221.jpg, war, 264, forest, wright, 300x221
xln-260-plains-choi-300x219.jpg, xln, 260, plains, choi, 300x219
xln-261-plains-lunter-300x220.jpg, xln, 261, plains, lunter, 300x220
xln-262-plains-vitale-300x216.png, xln, 262, plains, vitale, 300x216
xln-263-plains-yum-300x220.png, xln, 263, plains, yum, 300x220
xln-264-island-choi-300x219.jpg, xln, 264, island, choi, 300x219
xln-265-island-lunter-300x220.jpg, xln, 265, island, lunter, 300x220
xln-266-island-vitale-300x215.jpg, xln, 266, island, vitale, 300x215
xln-267-island-yum-300x220.png, xln, 267, island, yum, 300x220
xln-268-swamp-choi-300x219.jpg, xln, 268, swamp, choi, 300x219
xln-269-swamp-lunter-300x220.jpg, xln, 269, swamp, lunter, 300x220
xln-270-swamp-vitale-300x215.png, xln, 270, swamp, vitale, 300x215
xln-271-swamp-yum-300x220.png, xln, 271, swamp, yum, 300x220
xln-272-mountain-choi-300x219.jpg, xln, 272, mountain, choi, 300x219
xln-273-mountain-lunter-300x220.jpg, xln, 273, mountain, lunter, 300x220
xln-274-mountain-vitale-300x215.png, xln, 274, mountain, vitale, 300x215
xln-275-mountain-yum-300x220.png, xln, 275, mountain, yum, 300x220
xln-276-forest-choi-300x219.jpg, xln, 276, forest, choi, 300x219
xln-277-forest-lunter-300x220.jpg, xln, 277, forest, lunter, 300x220
xln-278-forest-vitale-300x216.png, xln, 278, forest, vitale, 300x216
xln-279-forest-yum-300x220.png, xln, 279, forest, yum, 300x220
zen-230-plains-avon-208x300.jpg, zen, 230, plains, avon, 208x300
zen-230a-plains-avon-300x224.jpg, zen, 230a, plains, avon, 300x224
zen-231-plains-park-248x300.jpg, zen, 231, plains, park, 248x300
zen-231a-plains-park-300x225.jpg, zen, 231a, plains, park, 300x225
zen-232-plains-meignaud-212x300.jpg, zen, 232, plains, meignaud, 212x300
zen-232a-plains-meignaud-300x224.jpg, zen, 232a, plains, meignaud, 300x224
zen-233-plains-proce-250x300.png, zen, 233, plains, proce, 250x300
zen-233a-plains-proce--300x220.png, zen, 233a, plains, proce, 
zen-234-island-avon-208x300.jpg, zen, 234, island, avon, 208x300
zen-234a-island-avon-300x224.jpg, zen, 234a, island, avon, 300x224
zen-235-island-park-248x300.jpg, zen, 235, island, park, 248x300
zen-235a-island-park-300x225.jpg, zen, 235a, island, park, 300x225
zen-236-island-meignaud-212x300.png, zen, 236, island, meignaud, 212x300
zen-236a-island-meignaud-300x224.jpg, zen, 236a, island, meignaud, 300x224
zen-237-island-proce-250x300.png, zen, 237, island, proce, 250x300
zen-237a-island-proce-300x220.png, zen, 237a, island, proce, 300x220
zen-238-swamp-avon-208x300.jpg, zen, 238, swamp, avon, 208x300
zen-238a-swamp-avon-300x225.jpg, zen, 238a, swamp, avon, 300x225
zen-239-swamp-park-247x300.jpg, zen, 239, swamp, park, 247x300
zen-239a-swamp-park-300x224.jpg, zen, 239a, swamp, park, 300x224
zen-240-swamp-meignaud-248x300.png, zen, 240, swamp, meignaud, 248x300
zen-240a-swamp-meignaud-300x220.png, zen, 240a, swamp, meignaud, 300x220
zen-241-swamp-proce-250x300.png, zen, 241, swamp, proce, 250x300
zen-241a-swamp-proce-300x220.png, zen, 241a, swamp, proce, 300x220
zen-242-mountain-avon-208x300.jpg, zen, 242, mountain, avon, 208x300
zen-242a-mountain-avon-300x224.jpg, zen, 242a, mountain, avon, 300x224
zen-243-mountain-park-248x300.jpg, zen, 243, mountain, park, 248x300
zen-243a-mountain-park-300x225.jpg, zen, 243a, mountain, park, 300x225
zen-244-mountain-meignaud-248x300.png, zen, 244, mountain, meignaud, 248x300
zen-244a-mountain-meignaud-300x224.jpg, zen, 244a, mountain, meignaud, 300x224
zen-245-mountain-proce-251x300.png, zen, 245, mountain, proce, 251x300
zen-245a-mountain-proce-300x225.jpg, zen, 245a, mountain, proce, 300x225
zen-246-forest-avon-208x300.jpg, zen, 246, forest, avon, 208x300
zen-246a-forest-avon-300x220.jpg, zen, 246a, forest, avon, 300x220
zen-247-forest-park-248x300.jpg, zen, 247, forest, park, 248x300
zen-247a-forest-park-300x225.jpg, zen, 247a, forest, park, 300x225
zen-248-forest-meignaud-212x300.jpg, zen, 248, forest, meignaud, 212x300
zen-248a-forest-meignaud-300x224.jpg, zen, 248a, forest, meignaud, 300x224
zen-249-forest-proce-250x300.png, zen, 249, forest, proce, 250x300
zen-249a-forest-proce-300x221.png, zen, 249a, forest, proce, 300x221
znr-266-plains-burley-259x300.png, znr, 266, plains, burley, 259x300
znr-267-plains-paquette-259x300.jpg, znr, 267, plains, paquette, 259x300
znr-268-plains-rahn-227x300.png, znr, 268, plains, rahn, 227x300
znr-269-island-paquette-259x300.jpg, znr, 269, island, paquette, 259x300
znr-270-island-steinbauer-259x300.png, znr, 270, island, steinbauer, 259x300
znr-271-island-x-260x300.png, znr, 271, island, x, 260x300
znr-272-swamp-burley-259x300.png, znr, 272, swamp, burley, 259x300
znr-273-swamp-maniak-259x300.png, znr, 273, swamp, maniak, 259x300
znr-274-swamp-paquette-259x300.jpg, znr, 274, swamp, paquette, 259x300
znr-275-mountain-burley-259x300.jpeg, znr, 275, mountain, burley, 259x300
znr-276-mountain-paquette-259x300.jpg, znr, 276, mountain, paquette, 259x300
znr-277-mountain-stone-260x300.png, znr, 277, mountain, stone, 260x300
znr-278-forest-burley-259x300.png, znr, 278, forest, burley, 259x300
znr-279-forest-paquette-259x300.jpg, znr, 279, forest, paquette, 259x300
znr-280-forest-x-259x300.png, znr, 280, forest, x, 259x300
znr-380-plains-paquette-300x219.jpg, znr, 380, plains, paquette, 300x219
znr-381-island-x-300x219.jpg, znr, 381, island, x, 300x219
znr-382-swamp-paquette-300x219.jpg, znr, 382, swamp, paquette, 300x219
znr-383-mountain-burley-300x219.jpeg, znr, 383, mountain, burley, 300x219
znr-384-forest-paquette-300x219.jpg, znr, 384, forest, paquette, 300x219
